Chapter,Total Chapter Size,New Member Class Size,Total Chapter GPA,New Member GPA,Total Service Hours,Average Hours Per Member,Charitable Donations,Annual Report Score,Star Ranking,Chapter Type,Semester,simulated_dates
Theta Tau,50,,3.205,3.145,81,1.6,457,88,3,Professional Fraternity Council,F16,9/1/2016
Phi Sigma Kappa,29,,3.152,2.655,337,11.6,221,86,3,Interfraternity Council,F16,9/1/2016
Pi Kappa Alpha,77,,3.007,2.615,11,0.1,0,76,2,Interfraternity Council,F16,9/1/2016
Pi Kappa Phi,38,,3.104,2.898,0,0,0,65,0,Interfraternity Council,F16,9/1/2016
Pi Lambda Phi,33,,3.095,2.854,688,20.8,0,,,Interfraternity Council,F16,9/1/2016
Sigma Alpha Epsilon,48,,3.099,2.981,310,6.5,1026,76,2,Interfraternity Council,F16,9/1/2016
Sigma Alpha Mu,25,,3.131,3.247,117,4.7,0,48,0,Interfraternity Council,F16,9/1/2016
Sigma Beta Rho,15,,2.545,,101,6.7,0,60,0,Interfraternity Council,F16,9/1/2016
Sigma Chi,109,,3.063,2.711,0,0,74012,87,3,Interfraternity Council,F16,9/1/2016
Sigma Phi Delta,18,,3.115,3.296,136,7.6,0,67,0,Interfraternity Council,F16,9/1/2016
Sigma Pi,65,,3.023,2.753,102,1.6,0,58,0,Interfraternity Council,F16,9/1/2016
Tau Epsilon Phi,15,,3.092,2.703,0,0,0,67,,Interfraternity Council,F16,9/1/2016
Tau Kappa Epsilon,55,,3.158,2.364,0,0,0,74,2,Interfraternity Council,F16,9/1/2016
Theta Chi,82,,3.328,3.276,936,11.4,0,80,3,Interfraternity Council,F16,9/1/2016
Theta Delta Chi,86,,3.124,2.765,493,5.7,15914,77,2,Interfraternity Council,F16,9/1/2016
Zeta Beta Tau,47,,3.32,3.137,0,0,0,83,3,Interfraternity Council,F16,9/1/2016
alpha Kappa Delta Phi,18,,3.144,2.757,175,9.7,2388,59,0,Multicultural Greek Council,F16,9/1/2016
Alpha Phi Alpha,16,,2.842,2.675,128,8,0,48,0,Multicultural Greek Council,F16,9/1/2016
Phi Mu Delta,26,,3.362,3.36,265,10.2,0,77,2,Interfraternity Council,F16,9/1/2016
Chi Upsilon Sigma,11,,2.855,2.677,171,15.5,155,86,3,Multicultural Greek Council,F16,9/1/2016
Phi Kappa Tau,42,,3.103,2.889,487,11.6,0,83,3,Interfraternity Council,F16,9/1/2016
Phi Kappa Psi,63,,3.159,2.765,652,10.3,1500,74,2,Interfraternity Council,F16,9/1/2016
Alpha Delta Phi,27,,2.963,2.423,606,22.4,0,72,2,Interfraternity Council,F16,9/1/2016
Alpha Epsilon Pi,58,,3.376,3.648,112,1.9,50,68,0,Interfraternity Council,F16,9/1/2016
Alpha Phi Delta,17,,2.54,2.5,154,9.1,1800,83,3,Interfraternity Council,F16,9/1/2016
Alpha Sigma Phi,38,,2.985,2.872,228,6,0,83,3,Interfraternity Council,F16,9/1/2016
Beta Chi Theta,21,,3.251,,878,41.8,0,73,2,Interfraternity Council,F16,9/1/2016
Chi Phi,25,,3.151,3.151,171,6.8,440,,,Interfraternity Council,F16,9/1/2016
Chi Psi,59,,3.29,2.932,640,10.8,3000,94,4,Interfraternity Council,F16,9/1/2016
Delta Chi,46,,2.951,2.584,509,11.1,0,73,2,Interfraternity Council,F16,9/1/2016
Delta Lambda Phi,11,,2.979,,103,9.4,90,50,0,Interfraternity Council,F16,9/1/2016
Delta Phi,10,,2.82,,52,5.2,0,50,0,Interfraternity Council,F16,9/1/2016
Delta Sigma Iota,30,,3.193,3.442,189,6.3,50,91,4,Interfraternity Council,F16,9/1/2016
Delta Sigma Phi,17,,2.875,3.106,60,3.5,0,63,0,Interfraternity Council,F16,9/1/2016
Delta Upsilon,84,,3.225,2.915,2350,28,0,91,4,Interfraternity Council,F16,9/1/2016
Kappa Delta Rho,25,,3.02,,224,9,0,48,0,Interfraternity Council,F16,9/1/2016
Kappa Sigma,68,,3.012,2.761,39,0.6,0,64,0,Interfraternity Council,F16,9/1/2016
Phi Delta Theta,77,,2.919,2.68,944,12.3,0,65,0,Interfraternity Council,F16,9/1/2016
Phi Gamma Delta,23,,3.246,2.953,12,0.5,0,59,0,Interfraternity Council,F16,9/1/2016
Phi Kappa Sigma,59,,2.897,2.399,403,6.8,0,80,3,Interfraternity Council,F16,9/1/2016
Delta Epsilon Psi,28,,2.945,2.663,718,25.6,0,86,3,Multicultural Greek Council,F16,9/1/2016
Phi Sigma Rho,32,,3.274,2.919,319,10,700,97,4,Professional Fraternity Council,F16,9/1/2016
Iota Nu Delta,13,,3.141,,232,17.8,1847,81,3,Multicultural Greek Council,F16,9/1/2016
Phi Mu,119,,3.368,3.272,1305,11,39527,80,3,Panhellenic Council,F16,9/1/2016
Phi Sigma Sigma,132,,3.397,,937,7.1,46865,100,4,Panhellenic Council,F16,9/1/2016
Sigma Delta Tau,128,,3.395,,641,5,16374,84,3,Panhellenic Council,F16,9/1/2016
Sigma Kappa,115,,3.371,3.333,2013,17.5,24779,96,4,Panhellenic Council,F16,9/1/2016
Zeta Tau Alpha,143,,3.375,,1114,7.8,43394,83,3,Panhellenic Council,F16,9/1/2016
Alpha Kappa Psi,90,,3.073,2.607,12,0.1,0,81,3,Professional Fraternity Council,F16,9/1/2016
Alpha Phi Omega,116,,3.159,3.151,2489,21.5,1091,71,2,Professional Fraternity Council,F16,9/1/2016
Alpha Zeta Omega,78,,3.306,2.888,600,7.7,553,76,2,Professional Fraternity Council,F16,9/1/2016
Delta Sigma Pi,81,,3.531,3.345,306,3.8,700,80,3,Professional Fraternity Council,F16,9/1/2016
Lambda Kappa Sigma,29,,3.282,3.166,268,9.2,1654,81,3,Professional Fraternity Council,F16,9/1/2016
Mu Beta Psi,17,,3.481,,254,14.9,0,90,4,Professional Fraternity Council,F16,9/1/2016
Phi Alpha Delta,33,,3.567,3.575,422,12.8,381,80,3,Professional Fraternity Council,F16,9/1/2016
Phi Chi Theta,54,,3.341,3.283,711,13.2,1867,81,3,Professional Fraternity Council,F16,9/1/2016
Phi Delta Chi,71,,3.127,2.721,501,7.1,9838,70,2,Professional Fraternity Council,F16,9/1/2016
Phi Delta Epsilon,66,,3.543,3.363,566,8.6,685,76,2,Professional Fraternity Council,F16,9/1/2016
Phi Sigma Pi,36,,3.412,3.547,582,16.2,290,56,0,Professional Fraternity Council,F16,9/1/2016
Delta Phi Omega,21,,2.925,2.2,427,20.3,0,96,4,Multicultural Greek Council,F16,9/1/2016
Omega Phi Alpha,58,,3.52,,995,17.2,6600,82,3,Panhellenic Council,F16,9/1/2016
Gamma Phi Beta,123,,3.435,,927,7.5,16727,79,2,Panhellenic Council,F16,9/1/2016
Alpha Zeta,89,,3.328,3.175,1391,15.6,575,82,3,Professional Fraternity Council,F16,9/1/2016
Alpha Omega Epsilon,34,,3.218,2.728,602,17.7,0,76,2,Panhellenic Council,F16,9/1/2016
Delta Gamma,119,,3.385,3.511,605,5.1,13112,94,4,Panhellenic Council,F16,9/1/2016
Kappa Phi Gamma,18,,3.127,,322,17.9,0,77,2,Multicultural Greek Council,F16,9/1/2016
Kappa Phi Lambda,21,,3.011,1.968,648,30.9,2040,95,4,Multicultural Greek Council,F16,9/1/2016
Lambda Sigma Upsilon,8,,2.607,,0,0,0,12,0,Multicultural Greek Council,F16,9/1/2016
Lambda Theta Alpha,7,,2.995,,182,26,100,86,3,Multicultural Greek Council,F16,9/1/2016
Lambda Theta Phi,11,,2.73,,156,14.2,0,70,2,Multicultural Greek Council,F16,9/1/2016
Lambda Upsilon Lambd,18,,2.686,,110,6.1,15,64,0,Multicultural Greek Council,F16,9/1/2016
Nu Alpha Phi,15,,3.262,,359,23.9,400,46,0,Multicultural Greek Council,F16,9/1/2016
Omega Phi Chi,10,,3.201,2.674,270,27,358,96,4,Multicultural Greek Council,F16,9/1/2016
Iota Phi Theta,12,,3.146,,246,20.5,0,57,0,Multicultural Greek Council,F16,9/1/2016
Alpha Gamma Delta,112,,3.313,3.443,1084,9.7,11698,,,Panhellenic Council,F16,9/1/2016
Phi Beta Sigma,10,,2.482,1.931,131,13.1,200,,,Multicultural Greek Council,F16,9/1/2016
Pi Delta Psi,19,,3.267,3.128,0,0,0,76,0,Multicultural Greek Council,F16,9/1/2016
Sigma Lambda Beta,7,,2.148,,45,6.4,0,,,Multicultural Greek Council,F16,9/1/2016
Sigma Lambda Gamma,6,,3.038,,290,48.3,0,82,3,Multicultural Greek Council,F16,9/1/2016
Sigma Lambda Upsilon,9,,2.823,,63,7,35,69,0,Multicultural Greek Council,F16,9/1/2016
Sigma Psi Zeta,16,,3.025,3.146,733,45.8,0,75,2,Multicultural Greek Council,F16,9/1/2016
Sigma Sigma Rho,13,,2.754,2.066,290,22.3,213,63,0,Multicultural Greek Council,F16,9/1/2016
Omega Psi Phi,8,,2.215,,0,0,0,,,Multicultural Greek Council,F16,9/1/2016
Sigma Chi,111,,2.863,2.478,846,7.6,11580.15,65,0,Interfraternity Council,S17,1/1/2017
Sigma Beta Rho,17,,3.036,2.847,121,7.1,0,84,3,Interfraternity Council,S17,1/1/2017
Sigma Alpha Mu,24,,3.045,2.867,148,6.2,4021.48,90,4,Interfraternity Council,S17,1/1/2017
Pi Kappa Alpha,99,,3.009,2.868,3988,40.3,10205,67,0,Interfraternity Council,S17,1/1/2017
Pi Lambda Phi,34,,3.2,3.183,591,17.4,2776.85,93,4,Interfraternity Council,S17,1/1/2017
Pi Kappa Phi,33,,3.123,3.029,668.7,20.3,11967.89,72,2,Interfraternity Council,S17,1/1/2017
Sigma Phi Delta,20,,3.122,3.651,136,6.8,3009,88,3,Interfraternity Council,S17,1/1/2017
Sigma Alpha Epsilon,53,,3.062,2.902,519.5,9.8,18527.34,97,4,Interfraternity Council,S17,1/1/2017
Sigma Pi,73,,3.036,2.909,168,2.3,2197.62,63,0,Interfraternity Council,S17,1/1/2017
Zeta Beta Tau,57,,3.225,2.92,816.5,14.3,22586,55,0,Interfraternity Council,S17,1/1/2017
Tau Kappa Epsilon,67,,3.133,3.124,250,3.7,11775.71,36,0,Interfraternity Council,S17,1/1/2017
Theta Chi,93,,3.244,3.012,1322.5,14.2,23109.49,75,2,Interfraternity Council,S17,1/1/2017
Theta Delta Chi,96,,3.017,2.664,2075,21.6,16363.63,72,2,Interfraternity Council,S17,1/1/2017
alpha Kappa Delta Phi,19,,3.044,2.864,353,18.6,1001.5,87,3,Multicultural Greek Council,S17,1/1/2017
Alpha Phi Alpha,20,,2.41,2.044,200,10,0,82,3,Multicultural Greek Council,S17,1/1/2017
Chi Upsilon Sigma,13,,3.108,,234,18,399,96,4,Multicultural Greek Council,S17,1/1/2017
Delta Epsilon Psi,32,,3.149,3.5,701.5,21.9,420,90,4,Multicultural Greek Council,S17,1/1/2017
Delta Kappa Delta,9,,3.054,3.054,48,5.3,0,,,Multicultural Greek Council,S17,1/1/2017
Tau Epsilon Phi,20,,3.197,3.023,48,2.4,760,39,0,Interfraternity Council,S17,1/1/2017
Phi Sigma Kappa,30,,2.892,2.758,474,15.8,1687.25,84,3,Interfraternity Council,S17,1/1/2017
Alpha Delta Phi,30,,2.993,3.05,485,16.2,4485.84,50,0,Interfraternity Council,S17,1/1/2017
Phi Kappa Tau,46,,2.989,2.779,487,10.6,18533.9,95,4,Interfraternity Council,S17,1/1/2017
Delta Phi Omega,28,,3.219,3.44,375.5,13.4,1929,82,3,Multicultural Greek Council,S17,1/1/2017
Alpha Epsilon Pi,63,,3.286,2.954,99,1.6,2799.84,87,3,Interfraternity Council,S17,1/1/2017
Alpha Phi Delta,21,,2.977,2.65,242,11.5,3008,77,2,Interfraternity Council,S17,1/1/2017
Alpha Sigma Phi,51,,3.032,2.822,670,13.1,13848.85,67,0,Interfraternity Council,S17,1/1/2017
Beta Chi Theta,22,,3.01,,0,0,0,31,0,Interfraternity Council,S17,1/1/2017
Chi Phi,46,,3.107,3.038,404,8.8,7135,,,Interfraternity Council,S17,1/1/2017
Chi Psi,71,,3.32,3.335,1312,18.5,55363.54,94,4,Interfraternity Council,S17,1/1/2017
Delta Lambda Phi,11,,2.974,3.291,80,7.3,0,76,2,Interfraternity Council,S17,1/1/2017
Phi Mu Delta,26,,3.325,2.859,496.25,19.1,3810.18,95,4,Interfraternity Council,S17,1/1/2017
Delta Phi,14,,3.037,3.492,136,9.7,2642.9,72,2,Interfraternity Council,S17,1/1/2017
Delta Sigma Phi,21,,2.843,2.614,162,7.7,996,83,3,Interfraternity Council,S17,1/1/2017
Delta Upsilon,81,,3.273,3.077,3019,37.3,40602.13,95,4,Interfraternity Council,S17,1/1/2017
Kappa Delta Rho,27,,2.995,3.019,262,9.7,1552.43,61,0,Interfraternity Council,S17,1/1/2017
Kappa Sigma,75,,3.134,2.979,1227,16.4,4736.31,86,3,Interfraternity Council,S17,1/1/2017
Phi Delta Theta,89,,2.915,2.924,1276.5,14.3,12469.92,93,4,Interfraternity Council,S17,1/1/2017
Phi Gamma Delta,25,,3.109,3.049,335,13.4,5206,79,2,Interfraternity Council,S17,1/1/2017
Phi Kappa Psi,80,,3.253,3.227,504.5,6.3,40214.28,61,0,Interfraternity Council,S17,1/1/2017
Phi Kappa Sigma,72,,2.967,2.873,753,10.5,29120,46,0,Interfraternity Council,S17,1/1/2017
Delta Sigma Iota,24,,2.993,,456,19,9486.39,87,3,Interfraternity Council,S17,1/1/2017
Iota Nu Delta,22,,2.805,2.585,202,9.2,200,67,0,Multicultural Greek Council,S17,1/1/2017
Alpha Kappa Lambda,15,,2.96,2.96,0,0,0,,,Interfraternity Council,S17,1/1/2017
Kappa Phi Gamma,27,,2.946,2.574,533,19.7,0,82,3,Multicultural Greek Council,S17,1/1/2017
Phi Sigma Sigma,172,,3.292,3.143,1770,10.3,62635.6,90,4,Panhellenic Council,S17,1/1/2017
Sigma Delta Tau,167,,3.22,3.12,1140,6.8,53505.41,77,2,Panhellenic Council,S17,1/1/2017
Sigma Kappa,127,,3.352,2.992,1958,15.4,37369.18,88,3,Panhellenic Council,S17,1/1/2017
Zeta Tau Alpha,162,,3.291,3,1608,9.9,28023.35,93,4,Panhellenic Council,S17,1/1/2017
Alpha Kappa Psi,109,,3.195,3.117,381,3.5,16300,48,0,Professional Fraternity Council,S17,1/1/2017
Alpha Phi Omega,144,,3.142,3.091,3370.25,23.4,18897.07,73,2,Professional Fraternity Council,S17,1/1/2017
Alpha Zeta,98,,3.277,3.153,1199.5,12.2,15411.55,71,2,Professional Fraternity Council,S17,1/1/2017
Alpha Zeta Omega,93,,3.257,3.296,1004,10.8,38148.5,89,3,Professional Fraternity Council,S17,1/1/2017
Phi Mu,155,,3.321,3.362,3421,22.1,28117.63,75,2,Panhellenic Council,S17,1/1/2017
Delta Sigma Pi,93,,3.512,3.135,639,6.9,18941.69,87,3,Professional Fraternity Council,S17,1/1/2017
Mu Beta Psi,26,,3.221,3.033,384.75,14.8,1791.74,68,0,Professional Fraternity Council,S17,1/1/2017
Phi Alpha Delta,28,,3.552,3.669,255.75,9.1,3373,70,2,Professional Fraternity Council,S17,1/1/2017
Phi Chi Theta,69,,3.397,3.47,958.25,13.9,28741.52,83,3,Professional Fraternity Council,S17,1/1/2017
Phi Delta Chi,81,,3.138,3.135,689.5,8.5,,81,3,Professional Fraternity Council,S17,1/1/2017
Phi Delta Epsilon,81,,3.592,3.634,799.5,9.9,1435.98,93,4,Professional Fraternity Council,S17,1/1/2017
Theta Tau,64,,3.309,3.252,611,9.5,11286.82,71,2,Professional Fraternity Council,S17,1/1/2017
Phi Sigma Pi,36,,3.615,3.608,547,15.2,,91,4,Professional Fraternity Council,S17,1/1/2017
Iota Phi Theta,13,,3.173,2.875,97.5,7.5,0,62,0,Multicultural Greek Council,S17,1/1/2017
Lambda Kappa Sigma,26,,3.069,3.443,390.3,15,8506.27,95,4,Professional Fraternity Council,S17,1/1/2017
Omega Phi Alpha,88,,3.32,3.186,1658,18.8,24011.77,81,3,Panhellenic Council,S17,1/1/2017
Phi Sigma Rho,37,,3.119,2.696,664.5,18,5228.29,92,4,Professional Fraternity Council,S17,1/1/2017
Delta Gamma,144,,3.355,3.345,770,5.3,43163.98,85,3,Panhellenic Council,S17,1/1/2017
Gamma Phi Beta,163,,3.308,3.231,1369.5,8.4,38662.34,81,3,Panhellenic Council,S17,1/1/2017
Lambda Sigma Upsilon,8,,2.934,,86,10.8,0,77,2,Multicultural Greek Council,S17,1/1/2017
Lambda Theta Alpha,9,,3.002,2.766,160,17.8,0,90,4,Multicultural Greek Council,S17,1/1/2017
Lambda Theta Phi,12,,2.464,1.68,116,9.7,60,75,2,Multicultural Greek Council,S17,1/1/2017
Lambda Upsilon Lambda,19,,2.774,3.054,91,4.8,0,90,4,Multicultural Greek Council,S17,1/1/2017
Nu Alpha Phi,16,,3.27,3.293,168,10.5,910.54,73,2,Multicultural Greek Council,S17,1/1/2017
Omega Phi Beta,19,,2.869,2.845,125,6.6,0,,,Multicultural Greek Council,S17,1/1/2017
Omega Phi Chi,19,,3.298,3.291,198,10.4,483,93,4,Multicultural Greek Council,S17,1/1/2017
Omega Psi Phi,6,,2.019,,0,0,0,22,0,Multicultural Greek Council,S17,1/1/2017
Kappa Phi Lambda,24,,3.091,2.37,571.5,23.8,642,89,3,Multicultural Greek Council,S17,1/1/2017
Pi Delta Psi,21,,2.807,2.3,208,9.9,475,46,0,Multicultural Greek Council,S17,1/1/2017
Sigma Lambda Beta,10,,2.496,2.285,61,6.1,0,59,0,Multicultural Greek Council,S17,1/1/2017
Sigma Lambda Gamma,11,,2.64,2.468,96,8.7,,79,2,Multicultural Greek Council,S17,1/1/2017
Sigma Lambda Upsilon,8,,3.17,3,160,20,,89,3,Multicultural Greek Council,S17,1/1/2017
Sigma Psi Zeta,19,,3.088,3.055,289.5,15.2,2250,88,3,Multicultural Greek Council,S17,1/1/2017
Sigma Sigma Rho,15,,3.004,,280.5,18.7,1131,72,2,Multicultural Greek Council,S17,1/1/2017
Zeta Phi Beta,18,,3.116,3.116,0,0,0,,,Multicultural Greek Council,S17,1/1/2017
Alpha Gamma Delta,129,,3.298,3.277,1298.5,10.1,17446.2,,,Panhellenic Council,S17,1/1/2017
Alpha Omega Epsilon,42,,3.177,2.911,664.5,15.8,5931,83,3,Panhellenic Council,S17,1/1/2017
Phi Beta Sigma,12,,2.629,2.42,42.5,3.5,250,63,0,Multicultural Greek Council,S17,1/1/2017
Phi Mu,102,,3.514,3.625,503,4.9,0,75,2,Panhellenic Council,F17,9/1/2017
Omega Phi Alpha,76,,3.423,3.247,1066,14,161,81,3,Panhellenic Council,F17,9/1/2017
Zeta Phi Beta,18,,3.125,,182,10.1,260,,,Multicultural Greek Council,F17,9/1/2017
Delta Gamma,100,,3.485,3.308,537,5.4,3004,85,3,Panhellenic Council,F17,9/1/2017
Alpha Omega Epsilon,31,,3.306,3.09,255,8.2,185,83,3,Panhellenic Council,F17,9/1/2017
Alpha Gamma Delta,97,,3.37,3.413,1022,10.5,120,61,0,Panhellenic Council,F17,9/1/2017
Gamma Phi Beta,111,,3.404,3.308,1563,14.1,5157,81,3,Panhellenic Council,F17,9/1/2017
Phi Sigma Rho,29,,3.24,2.819,259,8.9,55,92,4,Panhellenic Council,F17,9/1/2017
Sigma Kappa,82,,3.423,3.073,31,0.4,0,88,3,Panhellenic Council,F17,9/1/2017
Sigma Alpha Epsilon Pi,22,,3.368,3.1,62,2.8,0,,,Panhellenic Council,F17,9/1/2017
Sigma Delta Tau,120,,3.367,,1723,14.4,21577,77,2,Panhellenic Council,F17,9/1/2017
Zeta Tau Alpha,105,,3.403,,935,8.9,4444,93,4,Panhellenic Council,F17,9/1/2017
Alpha Kappa Psi,77,,3.024,2.429,466,6.1,0,48,0,Professional Fraternity Council,F17,9/1/2017
Alpha Phi Omega,164,,3.21,3.094,3220,19.6,0,73,2,Professional Fraternity Council,F17,9/1/2017
Alpha Zeta,70,,3.296,3.025,128,1.8,100,71,2,Professional Fraternity Council,F17,9/1/2017
Alpha Zeta Omega,88,,3.349,3.307,626,7.1,687,89,3,Professional Fraternity Council,F17,9/1/2017
Sigma Sigma Rho,11,,3.148,3.316,60,5.5,287,72,2,Multicultural Greek Council,F17,9/1/2017
Phi Sigma Sigma,112,,3.436,,668,6,18498,90,4,Panhellenic Council,F17,9/1/2017
Sigma Psi Zeta,16,,3.018,2.64,532,33.3,130,88,3,Multicultural Greek Council,F17,9/1/2017
Lambda Theta Alpha,7,,2.855,,121,17.3,355,90,4,Multicultural Greek Council,F17,9/1/2017
Sigma Lambda Gamma,14,,2.628,2.378,380,27.1,250,79,2,Multicultural Greek Council,F17,9/1/2017
Alpha Kappa Alpha,4,,3.793,,122,30.5,0,,,Multicultural Greek Council,F17,9/1/2017
alpha Kappa Delta Phi,22,,2.942,2.101,108,4.9,1186,87,3,Multicultural Greek Council,F17,9/1/2017
Alpha Phi Alpha,19,,2.451,2.785,220,11.6,0,82,3,Multicultural Greek Council,F17,9/1/2017
Chi Upsilon Sigma,12,,2.956,3.09,195,16.3,0,96,4,Multicultural Greek Council,F17,9/1/2017
Delta Kappa Delta,12,,2.949,2.88,140,11.7,120,,,Multicultural Greek Council,F17,9/1/2017
Delta Phi Omega,26,,3.151,3.357,460,17.7,0,82,3,Multicultural Greek Council,F17,9/1/2017
Iota Nu Delta,14,,3.056,2.849,238,17,1069,67,0,Multicultural Greek Council,F17,9/1/2017
Iota Phi Theta,9,,3.192,,277,30.8,350,62,0,Multicultural Greek Council,F17,9/1/2017
Kappa Phi Gamma,26,,3.156,,382,14.7,70,82,3,Multicultural Greek Council,F17,9/1/2017
Lambda Sigma Upsilon,10,,2.752,2.362,163,16.3,1463,77,2,Multicultural Greek Council,F17,9/1/2017
Lambda Theta Phi,14,,2.776,2.68,150,10.7,0,75,2,Multicultural Greek Council,F17,9/1/2017
Lambda Upsilon Lambda,14,,3.067,3.187,306,21.9,278,90,4,Multicultural Greek Council,F17,9/1/2017
Mu Sigma Upsilon,3,,3.081,3.081,0,0,0,,,Multicultural Greek Council,F17,9/1/2017
Nu Alpha Phi,9,,3.146,,98,10.9,200,73,2,Multicultural Greek Council,F17,9/1/2017
Omega Phi Beta,9,,3.34,,192,21.3,30,,,Multicultural Greek Council,F17,9/1/2017
Omega Phi Chi,15,,3.375,,298,19.9,957,93,4,Multicultural Greek Council,F17,9/1/2017
Pi Delta Psi,20,,2.791,2.438,0,0,0,46,0,Multicultural Greek Council,F17,9/1/2017
Sigma Lambda Upsilon,8,,3.17,,107,13.4,25,89,3,Multicultural Greek Council,F17,9/1/2017
Delta Sigma Pi,79,,3.475,3.041,326,4.1,2491,87,3,Professional Fraternity Council,F17,9/1/2017
Mu Beta Psi,25,,3.095,2.558,306,12.2,0,68,0,Professional Fraternity Council,F17,9/1/2017
Phi Alpha Delta,27,,3.528,3.469,186,6.9,0,70,2,Professional Fraternity Council,F17,9/1/2017
Phi Kappa Psi,71,,3.197,2.833,12,0.2,4640,61,0,Interfraternity Council,F17,9/1/2017
Phi Kappa Tau,45,,3.056,3.03,467,10.4,2024,95,4,Interfraternity Council,F17,9/1/2017
Phi Mu Delta,26,,3.257,3.181,325,12.5,350,95,4,Interfraternity Council,F17,9/1/2017
Phi Sigma Kappa,33,,2.967,2.523,412,12.5,390,84,3,Interfraternity Council,F17,9/1/2017
Pi Kappa Alpha,85,,2.955,2.644,2502,29.4,0,67,0,Interfraternity Council,F17,9/1/2017
Pi Kappa Phi,33,,3.155,2.904,0,0,0,72,2,Interfraternity Council,F17,9/1/2017
Sigma Alpha Epsilon,45,,3.001,2.737,252,5.6,0,97,4,Interfraternity Council,F17,9/1/2017
Sigma Alpha Mu,20,,2.983,2.873,5,0.3,0,90,4,Interfraternity Council,F17,9/1/2017
Sigma Beta Rho,17,,3.125,2.73,222,13.1,0,84,3,Interfraternity Council,F17,9/1/2017
Sigma Phi Delta,12,,3.408,,0,0,0,88,3,Interfraternity Council,F17,9/1/2017
Sigma Pi,42,,2.792,2.244,492,11.7,50,63,0,Interfraternity Council,F17,9/1/2017
Tau Epsilon Phi,17,,3.042,2.637,511,30.1,610,39,0,Interfraternity Council,F17,9/1/2017
Tau Kappa Epsilon,49,,2.981,,96,2,0,36,0,Interfraternity Council,F17,9/1/2017
Theta Chi,84,,3.212,2.758,861,10.3,305,75,2,Interfraternity Council,F17,9/1/2017
Theta Delta Chi,86,,2.992,2.755,0,0,0,72,2,Interfraternity Council,F17,9/1/2017
Zeta Beta Tau,42,,3.201,2.566,654,15.6,0,55,0,Interfraternity Council,F17,9/1/2017
Lambda Kappa Sigma,24,,3.296,2.95,162,6.8,344,95,4,Professional Fraternity Council,F17,9/1/2017
Phi Gamma Delta,10,,3.019,,106,10.6,120,79,2,Interfraternity Council,F17,9/1/2017
Kappa Sigma,82,,3.083,2.611,415,5.1,18565,86,3,Interfraternity Council,F17,9/1/2017
Pi Lambda Phi,22,,3.449,3.43,311,14.1,0,93,4,Interfraternity Council,F17,9/1/2017
Delta Upsilon,72,,3.015,2.64,18,0.3,0,95,4,Interfraternity Council,F17,9/1/2017
Kappa Delta Rho,15,,2.93,,16,1.1,0,61,0,Interfraternity Council,F17,9/1/2017
Phi Delta Chi,71,,3.214,2.783,643,9.1,0,81,3,Professional Fraternity Council,F17,9/1/2017
Phi Delta Epsilon,65,,3.626,3.565,640,9.8,6576,93,4,Professional Fraternity Council,F17,9/1/2017
Phi Sigma Pi,37,,3.388,3.449,638,17.2,0,91,4,Professional Fraternity Council,F17,9/1/2017
Theta Tau,51,,3.171,2.651,274,5.4,0,71,2,Professional Fraternity Council,F17,9/1/2017
Alpha Delta Phi,25,,3.114,2.886,326,13,0,50,0,Interfraternity Council,F17,9/1/2017
Alpha Epsilon Pi,54,,3.402,3.491,317,5.9,0,87,3,Interfraternity Council,F17,9/1/2017
Alpha Kappa Lambda,14,,2.858,2.851,104,7.4,0,,,Interfraternity Council,F17,9/1/2017
Alpha Phi Delta,17,,2.77,,140,8.2,5330,77,2,Interfraternity Council,F17,9/1/2017
Phi Chi Theta,61,,3.42,3.352,811,13.3,2740,83,3,Professional Fraternity Council,F17,9/1/2017
Beta Chi Theta,14,,2.893,2.082,0,0,0,31,0,Interfraternity Council,F17,9/1/2017
Chi Phi,52,,3.08,2.967,271,5.2,209,,,Interfraternity Council,F17,9/1/2017
Chi Psi,69,,3.344,3.346,489,7.1,0,94,4,Interfraternity Council,F17,9/1/2017
Delta Lambda Phi,10,,3.207,3.197,35,3.5,150,76,2,Interfraternity Council,F17,9/1/2017
Delta Phi,12,,2.631,2.681,85,7.1,0,72,2,Interfraternity Council,F17,9/1/2017
Delta Sigma Iota,23,,3.078,3.125,330,14.3,30,87,3,Interfraternity Council,F17,9/1/2017
Delta Sigma Phi,15,,2.75,2.32,90,6,100,61,0,Interfraternity Council,F17,9/1/2017
Alpha Sigma Phi,57,,3.16,2.931,369,6.5,0,67,0,Interfraternity Council,F17,9/1/2017
Sigma Lambda Upsilon,7,,3.247,,93.5,13.4,,,3,Multicultural Greek Council,S18,1/1/2018
Sigma Psi Zeta,19,,3.093,2.972,354,18.6,475,,3,Multicultural Greek Council,S18,1/1/2018
Sigma Sigma Rho,12,,2.842,2.457,137.5,11.5,952,,3,Multicultural Greek Council,S18,1/1/2018
Zeta Phi Beta,22,,3.196,3.102,77,3.5,541,,3,Multicultural Greek Council,S18,1/1/2018
Alpha Gamma Delta,119,,3.27,3.137,1081.5,9.1,18358.88,,2,Panhellenic Council,S18,1/1/2018
Alpha Omega Epsilon,59,,3.29,3.239,369.5,6.3,12276.4,,2,Panhellenic Council,S18,1/1/2018
Delta Gamma,129,,3.337,3.229,1636,12.7,38576.14,,3,Panhellenic Council,S18,1/1/2018
Gamma Phi Beta,145,,3.331,3.216,1498,10.3,41644,,3,Panhellenic Council,S18,1/1/2018
Phi Sigma Sigma,148,,3.341,3.235,1579,10.7,76774.03,,4,Panhellenic Council,S18,1/1/2018
Phi Mu,140,,3.445,3.31,1233,8.8,28472,,3,Panhellenic Council,S18,1/1/2018
Phi Sigma Rho,38,,3.206,2.782,672,17.7,6210.7,,3,Panhellenic Council,S18,1/1/2018
Sigma Alpha Epsilon Pi,18,,3.417,2.965,229,12.7,1527.04,,,Panhellenic Council,S18,1/1/2018
Alpha Delta Phi,24,,2.862,1.73,446,18.6,5789,,3,Interfraternity Council,S18,1/1/2018
Sigma Kappa,77,,3.362,3.191,964,12.5,19255.42,,3,Panhellenic Council,S18,1/1/2018
Zeta Tau Alpha,138,,3.238,2.97,1443.5,10.5,32293.23,,3,Panhellenic Council,S18,1/1/2018
Sigma Lambda Gamma,13,,3.205,,,0,,,3,Multicultural Greek Council,S18,1/1/2018
Omega Phi Alpha,89,,3.41,3.492,1468,16.5,25185,,3,Panhellenic Council,S18,1/1/2018
Sigma Lambda Beta,10,,3.139,3.368,265.25,26.5,,,3,Multicultural Greek Council,S18,1/1/2018
alpha Kappa Delta Phi,19,,3.317,,285.5,15,1735,,2,Multicultural Greek Council,S18,1/1/2018
Phi Beta Sigma,10,,2.608,2.75,63,6.3,520,,0,Multicultural Greek Council,S18,1/1/2018
Alpha Kappa Alpha,15,,3.386,3.405,80,5.3,,,3,Multicultural Greek Council,S18,1/1/2018
Alpha Phi Alpha,11,,3.117,,0,0,,,2,Multicultural Greek Council,S18,1/1/2018
Chi Upsilon Sigma,13,,3.044,3.31,332,25.5,240,,3,Multicultural Greek Council,S18,1/1/2018
Delta Epsilon Psi,39,,2.969,2.968,1054.5,27,16241,,0,Multicultural Greek Council,S18,1/1/2018
Delta Kappa Delta,12,,3.006,2.39,460,38.3,1101,,3,Multicultural Greek Council,S18,1/1/2018
Delta Phi Omega,35,,3.237,2.961,562,16.1,2167.39,,3,Multicultural Greek Council,S18,1/1/2018
Iota Nu Delta,22,,2.8,2.604,525,23.9,1033,,0,Multicultural Greek Council,S18,1/1/2018
Kappa Phi Gamma,22,,3.236,3.15,325,14.8,226,,3,Multicultural Greek Council,S18,1/1/2018
Kappa Phi Lambda,24,,3.147,2.866,41,1.7,844.9,,0,Multicultural Greek Council,S18,1/1/2018
Lambda Sigma Upsilon,8,,2.977,,126,15.8,45,,2,Multicultural Greek Council,S18,1/1/2018
Lambda Theta Alpha,12,,2.803,2.627,199,16.6,150,,3,Multicultural Greek Council,S18,1/1/2018
Lambda Theta Phi,13,,2.749,,318,24.5,,,3,Multicultural Greek Council,S18,1/1/2018
Lambda Upsilon Lambda,13,,2.93,,2285,175.8,1510,,3,Multicultural Greek Council,S18,1/1/2018
Mu Sigma Upsilon,4,,2.524,1.714,60,15,,,,Multicultural Greek Council,S18,1/1/2018
Nu Alpha Phi,9,,2.668,2.92,64.5,7.2,1060,,3,Multicultural Greek Council,S18,1/1/2018
Omega Phi Beta,9,,3.169,,228.5,25.4,,,3,Multicultural Greek Council,S18,1/1/2018
Omega Phi Chi,17,,3.219,3.077,150,8.8,900,,3,Multicultural Greek Council,S18,1/1/2018
Pi Delta Psi,,,3.121,,0,,,,0,Multicultural Greek Council,S18,1/1/2018
Alpha Epsilon Pi,64,,3.48,3.451,359,5.6,13701.6,,3,Interfraternity Council,S18,1/1/2018
Sigma Delta Tau,143,,3.357,3.289,2105,14.7,3454,,2,Panhellenic Council,S18,1/1/2018
Alpha Phi Delta,17,,3.105,2.911,321,18.9,1951,,3,Interfraternity Council,S18,1/1/2018
Sigma Pi,50,,2.978,2.728,1993,39.9,7427,,3,Interfraternity Council,S18,1/1/2018
Tau Epsilon Phi,25,,2.889,2.848,283,11.3,1650,,3,Interfraternity Council,S18,1/1/2018
Theta Chi,93,,3.135,3.101,861,9.3,16965.02,,0,Interfraternity Council,S18,1/1/2018
Zeta Beta Tau,47,,3.214,3.15,654,13.9,13537.35,,3,Interfraternity Council,S18,1/1/2018
Alpha Kappa Psi,87,,3.24,3.462,860,9.9,17784,,0,Professional Fraternity Council,S18,1/1/2018
Alpha Phi Omega,177,,3.245,2.961,1069,6,38448.83,,0,Professional Fraternity Council,S18,1/1/2018
Alpha Zeta,58,,3.302,3.33,969.7,16.7,6753,,0,Professional Fraternity Council,S18,1/1/2018
Alpha Zeta Omega,98,,3.337,3.245,1049.5,10.7,30740,,3,Professional Fraternity Council,S18,1/1/2018
Sigma Beta Rho,19,,3.04,2.695,281,14.8,300,,3,Interfraternity Council,S18,1/1/2018
Delta Sigma Pi,92,,3.434,3.604,1401,15.2,37380.5,,3,Professional Fraternity Council,S18,1/1/2018
Mu Beta Psi,24,,3.476,3.953,308,12.8,3714,,2,Professional Fraternity Council,S18,1/1/2018
Phi Alpha Delta,27,,3.468,3.928,211,7.8,2564.54,,0,Professional Fraternity Council,S18,1/1/2018
Phi Chi Theta,71,,3.548,3.689,1009,14.2,8202.92,,3,Professional Fraternity Council,S18,1/1/2018
Phi Delta Chi,81,,3.321,3.578,788,9.7,26939.6,,0,Professional Fraternity Council,S18,1/1/2018
Phi Delta Epsilon,77,,3.643,3.647,1187,15.4,8523.46,,4,Professional Fraternity Council,S18,1/1/2018
Phi Sigma Pi,44,,3.38,3.408,974.5,22.1,3613.56,,3,Professional Fraternity Council,S18,1/1/2018
Theta Tau,63,,3.127,2.832,864,13.7,18560.59,,3,Professional Fraternity Council,S18,1/1/2018
Alpha Kappa Lambda,16,,2.947,3.307,127,7.9,,,0,Interfraternity Council,S18,1/1/2018
Lambda Kappa Sigma,39,,3.273,3.208,319.5,8.2,3925,,0,Professional Fraternity Council,S18,1/1/2018
Sigma Alpha Mu,26,,3.287,3.627,155.5,6,5695.9,,0,Interfraternity Council,S18,1/1/2018
Phi Mu Delta,32,,3.434,3.366,404,12.6,4655.21,,3,Interfraternity Council,S18,1/1/2018
Pi Lambda Phi,23,,3.112,3.03,304.5,13.2,1040.01,,3,Interfraternity Council,S18,1/1/2018
Beta Chi Theta,11,,2.97,,124.5,11.3,194,,0,Interfraternity Council,S18,1/1/2018
Chi Phi,71,,3.006,2.805,366,5.2,6457,,0,Interfraternity Council,S18,1/1/2018
Chi Psi,81,,3.381,3.305,1288.5,15.9,76000,,4,Interfraternity Council,S18,1/1/2018
Delta Chi,40,,2.801,2.697,106,2.7,6709,,2,Interfraternity Council,S18,1/1/2018
Delta Lambda Phi,9,,3.463,3.896,12,1.3,,,0,Interfraternity Council,S18,1/1/2018
Delta Phi,29,,2.925,2.965,264,9.1,6157,,2,Interfraternity Council,S18,1/1/2018
Delta Sigma Iota,21,,3.054,2.945,151,7.2,1173,,3,Interfraternity Council,S18,1/1/2018
Delta Sigma Phi,14,,2.857,2.034,84,6,,,2,Interfraternity Council,S18,1/1/2018
Alpha Sigma Phi,66,,3.171,2.913,1039,15.7,13315.25,,3,Interfraternity Council,S18,1/1/2018
Kappa Delta Rho,22,,3,2.832,0,0,,,0,Interfraternity Council,S18,1/1/2018
Phi Gamma Delta,14,,3.243,3.235,433,30.9,3973.88,,3,Interfraternity Council,S18,1/1/2018
Phi Kappa Psi,78,,3.316,,261,3.3,6775,,0,Interfraternity Council,S18,1/1/2018
Phi Kappa Tau,52,,3.11,2.914,1256,24.2,16307,,3,Interfraternity Council,S18,1/1/2018
Sigma Alpha Epsilon,58,,2.988,2.773,342,5.9,18732,,2,Interfraternity Council,S18,1/1/2018
Phi Sigma Kappa,32,,2.88,3.034,498,15.6,3258,,3,Interfraternity Council,S18,1/1/2018
Pi Kappa Alpha,99,,2.976,2.949,874,8.8,10301,,2,Interfraternity Council,S18,1/1/2018
Pi Kappa Phi,37,,2.987,3.128,129,3.5,2700,,0,Interfraternity Council,S18,1/1/2018
Delta Upsilon,74,,3.044,3.192,706.5,9.5,23819,,0,Interfraternity Council,S18,1/1/2018
Sigma Lambda Upsilon,3,0,3.193,,0,0,0,,3,Multicultural Greek Council,F18,9/1/2018
Sigma Lambda Gamma,10,1,2.771,,164,16,0,,3,Multicultural Greek Council,F18,9/1/2018
Phi Beta Sigma,13,3,1.898,1.074,0,0,0,,0,Multicultural Greek Council,F18,9/1/2018
Psi Sigma Phi,2,2,2.508,2.508,0,0,0,,,Multicultural Greek Council,F18,9/1/2018
Pi Delta Psi,24,10,2.826,2.745,0,0,0,,0,Multicultural Greek Council,F18,9/1/2018
Sigma Psi Zeta,18,6,3.252,3.685,0,0,0,,3,Multicultural Greek Council,F18,9/1/2018
Sigma Lambda Beta,8,1,2.951,,657,82,0,,3,Multicultural Greek Council,F18,9/1/2018
Sigma Sigma Rho,10,2,2.942,2.88,152,15,183,,3,Multicultural Greek Council,F18,9/1/2018
Delta Sigma Pi,79,15,3.313,3.413,596.5,8,2510,,3,Professional Fraternity Council,F18,9/1/2018
Alpha Phi Omega,131,33,3.108,2.795,1927.5,15,769,,0,Professional Fraternity Council,F18,9/1/2018
Alpha Zeta,49,10,3.134,3.396,0,0,0,,0,Professional Fraternity Council,F18,9/1/2018
Alpha Zeta Omega,88,11,3.402,2.95,447,5,31120,,3,Professional Fraternity Council,F18,9/1/2018
Lambda Kappa Sigma,38,11,3.333,3.364,273.5,7,0,,0,Professional Fraternity Council,F18,9/1/2018
Mu Beta Psi,12,0,3.47,,223,18.5,0,,2,Professional Fraternity Council,F18,9/1/2018
Phi Alpha Delta,25,11,3.238,2.86,171.5,7,1620,,0,Professional Fraternity Council,F18,9/1/2018
Phi Chi Theta,52,5,3.453,3.286,519,10,5625,,3,Professional Fraternity Council,F18,9/1/2018
Omega Phi Chi,10,0,3.369,,294,29,509,,3,Multicultural Greek Council,F18,9/1/2018
Alpha Kappa Psi,78,15,3.067,2.679,0,0,0,,0,Professional Fraternity Council,F18,9/1/2018
Omega Phi Beta,3,0,2.181,,0,0,0,,3,Multicultural Greek Council,F18,9/1/2018
Iota Phi Theta,6,0,,,0,0,0,,,Multicultural Greek Council,F18,9/1/2018
Mu Sigma Upsilon,10,7,2.666,2.726,140,14,0,,,Multicultural Greek Council,F18,9/1/2018
Alpha Kappa Alpha,9,0,2.76,,667.5,74,0,,3,Multicultural Greek Council,F18,9/1/2018
alpha Kappa Delta Phi,18,6,3.092,2.53,0,0,0,,2,Multicultural Greek Council,F18,9/1/2018
Alpha Phi Alpha,7,0,2.191,,0,0,0,,2,Multicultural Greek Council,F18,9/1/2018
Chi Upsilon Sigma,9,2,3.016,3.1,130.25,15,0,,3,Multicultural Greek Council,F18,9/1/2018
Delta Epsilon Psi,29,3,2.578,1.793,0,0,0,,0,Multicultural Greek Council,F18,9/1/2018
Delta Kappa Delta,12,4,2.696,2.265,285,24,0,,3,Multicultural Greek Council,F18,9/1/2018
Delta Lambda Phi,6,1,2.506,,0,0,0,,0,Multicultural Greek Council,F18,9/1/2018
Delta Phi Omega,23,2,3.193,2.95,437.5,19,0,,3,Multicultural Greek Council,F18,9/1/2018
Nu Alpha Phi,11,1,2.686,,50,5,0,,3,Multicultural Greek Council,F18,9/1/2018
Delta Sigma Iota,22,2,2.933,2.125,382,17,0,,3,Multicultural Greek Council,F18,9/1/2018
Phi Delta Chi,72,12,3.294,3.154,0,0,0,,0,Professional Fraternity Council,F18,9/1/2018
Kappa Phi Gamma,20,5,2.922,2.934,423,21,530,,3,Multicultural Greek Council,F18,9/1/2018
Kappa Phi Lambda,22,6,2.61,2.031,230,10,1080,,0,Multicultural Greek Council,F18,9/1/2018
Lambda Pi Chi,8,8,2.811,2.811,0,0,0,,,Multicultural Greek Council,F18,9/1/2018
Lambda Sigma Upsilon,11,5,2.974,3.204,201.5,18,3672,,2,Multicultural Greek Council,F18,9/1/2018
Lambda Theta Alpha,8,0,2.551,,152.5,19,0,,3,Multicultural Greek Council,F18,9/1/2018
Lambda Theta Phi,8,0,2.119,,185,23,0,,3,Multicultural Greek Council,F18,9/1/2018
Lambda Upsilon Lambda,7,1,2.776,,109,16,0,,3,Multicultural Greek Council,F18,9/1/2018
Iota Nu Delta,21,5,2.781,2.59,526,25,1180,,0,Multicultural Greek Council,F18,9/1/2018
Phi Delta Epsilon,79,17,3.551,3.521,1234.5,16,1841,,4,Professional Fraternity Council,F18,9/1/2018
Zeta Phi Beta,12,0,3.065,,143.5,12,543,,3,Multicultural Greek Council,F18,9/1/2018
Theta Tau,50,6,3.056,2.333,370.5,7,0,,3,Professional Fraternity Council,F18,9/1/2018
Delta Sigma Phi,9,0,3.033,,0,0,0,,2,Interfraternity Council,F18,9/1/2018
Delta Upsilon,52,8,2.812,3.086,0,0,0,,0,Interfraternity Council,F18,9/1/2018
Kappa Delta Rho,15,2,2.862,2.597,0,0,0,,0,Interfraternity Council,F18,9/1/2018
Phi Gamma Delta,24,11,3.1,2.919,223,9,140,,3,Interfraternity Council,F18,9/1/2018
Phi Kappa Psi,61,14,3.01,2.504,297,5,345,,0,Interfraternity Council,F18,9/1/2018
Phi Kappa Tau,46,8,3.067,2.831,0,0,0,,3,Interfraternity Council,F18,9/1/2018
Phi Mu Delta,21,1,2.991,,161,8,0,,3,Interfraternity Council,F18,9/1/2018
Pi Kappa Alpha,78,10,2.876,2.55,441,6,954,,2,Interfraternity Council,F18,9/1/2018
Pi Kappa Phi,51,17,2.764,2.62,0,0,0,,0,Interfraternity Council,F18,9/1/2018
Pi Lambda Phi,21,3,3.118,2.891,160,8,0,,3,Interfraternity Council,F18,9/1/2018
Sigma Alpha Epsilon,50,12,2.835,2.384,0,0,0,,2,Interfraternity Council,F18,9/1/2018
Sigma Alpha Mu,22,7,2.983,2.703,122,6,473,,0,Interfraternity Council,F18,9/1/2018
Sigma Beta Rho,13,0,2.868,,221,17,0,,3,Interfraternity Council,F18,9/1/2018
Sigma Pi,60,14,2.962,2.692,360,6,416,,3,Interfraternity Council,F18,9/1/2018
Tau Epsilon Phi,16,2,2.804,3.1,140,9,87,,3,Interfraternity Council,F18,9/1/2018
Theta Chi,81,18,3.129,3.124,487,6,500,,0,Interfraternity Council,F18,9/1/2018
Theta Delta Chi,35,0,3.105,,0,0,0,,,Interfraternity Council,F18,9/1/2018
Phi Sigma Pi,51,16,3.485,3.48,518,10,1151,,3,Professional Fraternity Council,F18,9/1/2018
Zeta Beta Tau,36,2,3.189,3.183,655,18,0,,3,Interfraternity Council,F18,9/1/2018
Delta Phi,41,17,2.719,2.668,0,0,0,,2,Interfraternity Council,F18,9/1/2018
Delta Chi,37,11,2.704,2.774,0,0,0,,3,Interfraternity Council,F18,9/1/2018
Phi Sigma Kappa,28,5,2.669,3.006,326.5,12,164,,3,Interfraternity Council,F18,9/1/2018
Chi Phi,68,13,2.778,2.448,0,0,0,,0,Interfraternity Council,F18,9/1/2018
Alpha Gamma Delta,87,11,3.211,2.908,734,8,0,,2,Panhellenic Council,F18,9/1/2018
Chi Psi,71,13,3.252,3.046,448.5,6.3,0,,4,Interfraternity Council,F18,9/1/2018
Delta Gamma,99,5,3.384,2.875,553,6,3526,,3,Panhellenic Council,F18,9/1/2018
Gamma Phi Beta,98,0,3.249,,0,0,0,,3,Panhellenic Council,F18,9/1/2018
Omega Phi Alpha,83,18,3.26,3.293,1050,13,230,,3,Panhellenic Council,F18,9/1/2018
Phi Mu,104,6,3.361,2.8,401,4,165,,3,Panhellenic Council,F18,9/1/2018
Phi Sigma Rho,31,8,2.88,2.699,529,17,1725,,3,Panhellenic Council,F18,9/1/2018
Phi Sigma Sigma,111,0,3.228,,1754,16,0,,4,Panhellenic Council,F18,9/1/2018
Sigma Alpha Epsilon Pi,18,3,3.3,2.642,104,6,0,,,Panhellenic Council,F18,9/1/2018
Sigma Delta Tau,90,0,3.382,,960,11,2243,,2,Panhellenic Council,F18,9/1/2018
Alpha Omega Epsilon,52,15,3.237,3.077,448,9,0,,2,Panhellenic Council,F18,9/1/2018
Sigma Kappa,49,15,3.122,2.932,0,0,0,,3,Panhellenic Council,F18,9/1/2018
Zeta Tau Alpha,106,0,3.286,,658,6,13574,,3,Panhellenic Council,F18,9/1/2018
Alpha Delta Phi,17,2,2.74,3.275,103,6,0,,3,Interfraternity Council,F18,9/1/2018
Alpha Epsilon Pi,53,6,3.319,3.242,0,0,0,,3,Interfraternity Council,F18,9/1/2018
Alpha Kappa Lambda,20,5,2.812,3.088,143,7,424,,0,Interfraternity Council,F18,9/1/2018
Alpha Phi Delta,13,1,3.085,,62.5,5,1210,,3,Interfraternity Council,F18,9/1/2018
Alpha Sigma Phi,76,13,3.124,2.694,418,6,668,,3,Interfraternity Council,F18,9/1/2018
Beta Chi Theta,5,0,2.459,,0,0,0,,0,Interfraternity Council,F18,9/1/2018
Sigma Psi Zeta,17,5,3.432,3.312,0,0,0,90,4,Multicultural Greek Council,S19,1/1/2019
Sigma Lambda Upsilon,14,11,3.244,3.4,190.5,16.44,0,62.27,1,Multicultural Greek Council,S19,1/1/2019
Sigma Lambda Gamma,10,0,2.914,,174,17.4,0,80,3,Multicultural Greek Council,S19,1/1/2019
Pi Delta Psi,25,4,2.937,2.763,125,5,0,37.27,1,Multicultural Greek Council,S19,1/1/2019
Psi Sigma Phi,2,0,3.386,,0,0,0,,,Multicultural Greek Council,S19,1/1/2019
Sigma Sigma Rho,10,3,3.372,3.188,135,13.5,861.5,85.45,3,Multicultural Greek Council,S19,1/1/2019
Phi Beta Sigma,12,0,2.682,,93,7.75,40,55.91,1,Multicultural Greek Council,S19,1/1/2019
Sigma Lambda Beta,8,1,3.237,,433,54.125,0,70.29,2,Multicultural Greek Council,S19,1/1/2019
Zeta Phi Beta,17,6,3.294,3.422,58,3.411,73,54.55,1,Multicultural Greek Council,S19,1/1/2019
Delta Sigma Pi,89,14,3.582,3.675,1753,19.69,28689.56,86.36,3,Professional Fraternity Council,S19,1/1/2019
Alpha Phi Omega,119,23,3.293,3.176,3944.5,33.14,52325.63,39.09,1,Professional Fraternity Council,S19,1/1/2019
Alpha Zeta,64,17,3.161,3.208,10425,16.28,9356.95,55,1,Professional Fraternity Council,S19,1/1/2019
Phi Delta Chi,80,9,3.319,3.482,1206.5,15.08,29636,28.18,1,Professional Fraternity Council,S19,1/1/2019
Lambda Kappa Sigma,41,4,3.29,3.192,573.75,13.99,3222.94,94.09,4,Professional Fraternity Council,S19,1/1/2019
Mu Beta Psi,18,5,3.554,3.523,281.25,15.62,1755,66.36,1,Professional Fraternity Council,S19,1/1/2019
Phi Alpha Delta,29,10,3.597,3.731,239,8.24,3691.85,39.55,1,Professional Fraternity Council,S19,1/1/2019
Phi Chi Theta,68,16,3.48,3.508,1007,14.8,16042.54,51.82,1,Professional Fraternity Council,S19,1/1/2019
Omega Phi Chi,13,2,3.391,3.75,91.5,7.03,780,93.64,4,Multicultural Greek Council,S19,1/1/2019
Alpha Kappa Psi,77,14,3.313,3.304,1082.5,14.05,7064.86,70.71,2,Professional Fraternity Council,S19,1/1/2019
Omega Phi Beta,3,0,2.223,,0,0,0,30.91,1,Multicultural Greek Council,S19,1/1/2019
alpha Kappa Delta Phi,26,11,3.277,3.095,232.5,8.94,953,70,2,Multicultural Greek Council,S19,1/1/2019
Mu Sigma Upsilon,12,4,2.526,1.889,161,13.41,0,57.27,1,Multicultural Greek Council,S19,1/1/2019
Phi Delta Epsilon,87,17,3.762,3.645,1684,19.35,6243.5,73.18,2,Professional Fraternity Council,S19,1/1/2019
Alpha Phi Alpha,11,6,2.981,3.01,82.5,7.5,205,37.27,1,Multicultural Greek Council,S19,1/1/2019
Chi Upsilon Sigma,8,0,3.139,,93.5,11.68,0,,,Multicultural Greek Council,S19,1/1/2019
Delta Epsilon Psi,24,0,2.972,,413,17.2,8648.44,30.45,1,Multicultural Greek Council,S19,1/1/2019
Delta Kappa Delta,16,6,3.051,3.13,322,20.12,1815.16,70,2,Multicultural Greek Council,S19,1/1/2019
Delta Lambda Phi,7,2,3.122,3.464,77,11,0,50,1,Multicultural Greek Council,S19,1/1/2019
Delta Phi Omega,24,1,3.259,,221.5,9.22,4258,90,4,Multicultural Greek Council,S19,1/1/2019
Delta Sigma Iota,16,2,2.966,2.555,251,15.68,4867.78,75,2,Multicultural Greek Council,S19,1/1/2019
Nu Alpha Phi,11,0,3.163,,0,0,0,,,Multicultural Greek Council,S19,1/1/2019
Iota Nu Delta,20,1,3.133,,677,33.85,2514.16,94.55,4,Multicultural Greek Council,S19,1/1/2019
Kappa Phi Gamma,17,2,3.247,2.893,308,18.11,4009,94.55,4,Multicultural Greek Council,S19,1/1/2019
Kappa Phi Lambda,24,8,3.176,3.324,242,10.08,1175,87.73,3,Multicultural Greek Council,S19,1/1/2019
Lambda Pi Chi,14,7,2.878,2.82,0,0,0,,,Multicultural Greek Council,S19,1/1/2019
Alpha Kappa Alpha,9,0,3.188,,90.95,10.1,258,53.18,1,Multicultural Greek Council,S19,1/1/2019
Lambda Sigma Upsilon,9,0,3.21,,148,16.44,0,87.27,3,Multicultural Greek Council,S19,1/1/2019
Lambda Theta Alpha,11,4,3.315,3,174,15.81,0,77.27,2,Multicultural Greek Council,S19,1/1/2019
Lambda Theta Phi,9,5,2.738,2.731,184,20.44,200,64.55,1,Multicultural Greek Council,S19,1/1/2019
Lambda Upsilon Lambda,9,2,3.167,3.476,0,0,0,54.55,1,Multicultural Greek Council,S19,1/1/2019
Iota Phi Theta,6,0,2.842,,0,0,0,,,Multicultural Greek Council,S19,1/1/2019
Phi Sigma Pi,53,14,3.629,3.648,676,12.75,9627.11,84.55,3,Professional Fraternity Council,S19,1/1/2019
Phi Kappa Tau,54,11,3.3,3.113,1023,18.94,14789.9,44.09,1,Interfraternity Council,S19,1/1/2019
Alpha Chi Omega,113,113,3.232,3.232,129,1.14,12674.15,,,Panhellenic Council,S19,1/1/2019
Delta Upsilon,59,9,3.082,2.89,1055,17.88,2301.07,65,1,Interfraternity Council,S19,1/1/2019
Kappa Delta Rho,18,4,2.937,2.876,108,6,42,50,1,Interfraternity Council,S19,1/1/2019
Phi Gamma Delta,34,14,2.98,2.783,217,6.38,5327.16,51.82,1,Interfraternity Council,S19,1/1/2019
Phi Kappa Psi,76,21,3.131,2.968,383,5.03,9409.43,63.13,1,Interfraternity Council,S19,1/1/2019
Phi Mu Delta,24,5,3.241,3.592,269.5,11.22,613,50.91,1,Interfraternity Council,S19,1/1/2019
Phi Sigma Kappa,29,4,3.046,3.155,269,9.27,1256,67.27,1,Interfraternity Council,S19,1/1/2019
Pi Kappa Alpha,89,23,3.036,3.194,966,10.85,985,27.27,1,Interfraternity Council,S19,1/1/2019
Pi Kappa Phi,59,10,2.838,2.705,234,3.966,8424,70.91,2,Interfraternity Council,S19,1/1/2019
Delta Sigma Phi,8,0,3.302,,0,0,0,12.73,1,Interfraternity Council,S19,1/1/2019
Pi Lambda Phi,26,7,3.222,3,49,1.88,1091,81.82,3,Interfraternity Council,S19,1/1/2019
Sigma Alpha Mu,38,17,3.214,3.183,332,8.75,6440,70,2,Interfraternity Council,S19,1/1/2019
Sigma Beta Rho,14,2,2.8,2.419,190,13.57,182,70.45,2,Interfraternity Council,S19,1/1/2019
Sigma Pi,41,5,3.059,2.743,277,6.75,6092,48.47,1,Interfraternity Council,S19,1/1/2019
Tau Epsilon Phi,19,5,2.845,2.888,215.5,11.34,745.2,50.91,1,Interfraternity Council,S19,1/1/2019
Theta Delta Chi,35,0,3.162,,0,0,0,,,Interfraternity Council,S19,1/1/2019
Zeta Beta Tau,49,11,3.355,3.302,304,6.2,86,64.55,1,Interfraternity Council,S19,1/1/2019
Zeta Psi,18,18,3.08,3.08,0,0,125,,,Interfraternity Council,S19,1/1/2019
Theta Tau,54,9,3.232,3.256,1177,21.79,12480.92,76.36,2,Professional Fraternity Council,S19,1/1/2019
Sigma Alpha Epsilon,48,6,3.146,2.901,521,10.84,16924.66,45.45,1,Interfraternity Council,S19,1/1/2019
Delta Phi,41,0,3.072,,0,0,0,,,Interfraternity Council,S19,1/1/2019
Theta Chi,103,25,3.242,3.319,1342,13.02,23345,76.36,2,Interfraternity Council,S19,1/1/2019
Chi Psi,82,17,3.288,3.215,3286,40.07,64955.02,80,3,Interfraternity Council,S19,1/1/2019
Delta Chi,44,9,2.926,3.127,152,3.45,4743,46.06,1,Interfraternity Council,S19,1/1/2019
Alpha Gamma Delta,122,45,3.305,3.328,1941,15.9,22384.81,66.36,1,Panhellenic Council,S19,1/1/2019
Alpha Omega Epsilon,59,17,3.51,3.411,990.5,16.78,13845.97,91.82,4,Panhellenic Council,S19,1/1/2019
Delta Gamma,118,30,3.391,3.219,2881,24.14,44930.53,77.27,2,Panhellenic Council,S19,1/1/2019
Gamma Phi Beta,142,43,3.353,3.257,1149,8.09,44096.2,52.85,1,Panhellenic Council,S19,1/1/2019
Omega Phi Alpha,93,23,3.432,3.401,2464,26.49,33915.79,78.18,2,Panhellenic Council,S19,1/1/2019
Phi Sigma Rho,39,8,3.04,3.208,442,11.33,5066.58,78.18,3,Panhellenic Council,S19,1/1/2019
Phi Sigma Sigma,151,38,3.321,3.12,2820,18.67,65648.26,93.64,4,Panhellenic Council,S19,1/1/2019
Sigma Alpha Epsilon Pi,16,4,3.423,3.635,120.75,7.54,1328,56.65,1,Panhellenic Council,S19,1/1/2019
Phi Mu,138,42,3.38,3.22,1556,11.27,27601.85,70,2,Panhellenic Council,S19,1/1/2019
Sigma Kappa,70,20,3.163,2.73,643.5,9.19,12262.85,61.82,1,Panhellenic Council,S19,1/1/2019
Zeta Tau Alpha,143,39,3.367,3.206,1354,9.46,35987.37,52.11,1,Panhellenic Council,S19,1/1/2019
Alpha Delta Phi,22,7,3.003,3.02,63,2.86,1789,85.45,3,Interfraternity Council,S19,1/1/2019
Chi Phi,51,15,3.027,2.992,332,6.5,5876.5,70,2,Interfraternity Council,S19,1/1/2019
Alpha Epsilon Pi,68,14,3.294,3.112,580,8.52,12603,80.91,3,Interfraternity Council,S19,1/1/2019
Alpha Kappa Lambda,19,4,2.819,2.561,333.5,17.65,3487.96,67.27,1,Interfraternity Council,S19,1/1/2019
Alpha Phi Delta,12,0,2.824,,75,6.25,890,49.09,1,Interfraternity Council,S19,1/1/2019
Alpha Sigma Phi,83,12,3.263,3.223,734,8.84,11782,70.45,2,Interfraternity Council,S19,1/1/2019
Sigma Delta Tau,136,51,3.345,3.217,1416.5,10.41,29810.52,86.36,3,Panhellenic Council,S19,1/1/2019
Beta Chi Theta,5,0,3.288,,0,0,0,,,Interfraternity Council,S19,1/1/2019
Sigma Delta Tau,103,0,3.494,,960,9.3,2209,,,Panhellenic Council,F19,9/1/2019
Sigma Kappa,34,7,3.235,3.009,0,0,0,,,Panhellenic Council,F19,9/1/2019
Zeta Tau Alpha,101,0,3.491,,0,0,0,,,Panhellenic Council,F19,9/1/2019
Alpha Kappa Lambda,15,3,2.728,2.541,335.5,22.4,138.5,,,Interfraternity Council,F19,9/1/2019
Alpha Epsilon Pi,61,5,3.419,3.061,580,9.5,1140,,,Interfraternity Council,F19,9/1/2019
Alpha Phi Delta,12,4,2.858,3.026,75,6.2,0,,,Interfraternity Council,F19,9/1/2019
Phi Sigma Sigma,104,5,3.314,3.125,0,0,0,,,Panhellenic Council,F19,9/1/2019
Alpha Delta Phi,16,4,3.135,2.887,63,3.9,0,,,Interfraternity Council,F19,9/1/2019
Phi Sigma Rho,40,6,3.153,2.652,529,13.2,1725,,,Panhellenic Council,F19,9/1/2019
Phi Sigma Pi,49,13,3.693,3.68,0,0,0,,,Professional Fraternity Council,F19,9/1/2019
Omega Phi Alpha,66,0,3.562,,1050,15.9,0,,,Panhellenic Council,F19,9/1/2019
Gamma Phi Beta,107,0,3.486,,0,0,0,,,Panhellenic Council,F19,9/1/2019
Delta Gamma,91,12,3.3,2.823,553,6,3525.96,,,Panhellenic Council,F19,9/1/2019
Alpha Omega Epsilon,56,17,3.564,3.435,990.5,17.6,0,,,Panhellenic Council,F19,9/1/2019
Alpha Gamma Delta,90,0,3.368,,1941,21.5,332.19,,,Panhellenic Council,F19,9/1/2019
Alpha Chi Omega,101,10,3.37,3.336,0,0,0,,,Panhellenic Council,F19,9/1/2019
Theta Tau,41,10,3.087,2.895,,,0,,,Professional Fraternity Council,F19,9/1/2019
Alpha Sigma Phi,66,13,3.11,2.777,734,11.1,166,,,Interfraternity Council,F19,9/1/2019
Phi Delta Epsilon,74,18,3.702,3.457,,,1751,,,Professional Fraternity Council,F19,9/1/2019
Phi Delta Chi,85,6,3.336,2.741,0,0,0,,,Professional Fraternity Council,F19,9/1/2019
Phi Mu,100,0,3.458,,161,1.5,0,,,Panhellenic Council,F19,9/1/2019
Beta Chi Theta,5,,2.559,,0,0,0,,,Interfraternity Council,F19,9/1/2019
Phi Sigma Kappa,18,3,3.006,2.912,326.5,18.1,0,,,Interfraternity Council,F19,9/1/2019
Chi Psi,65,11,3.294,3.232,448.5,69,20,,,Interfraternity Council,F19,9/1/2019
Phi Chi Theta,60,17,3.552,3.342,,,4623.6,,,Professional Fraternity Council,F19,9/1/2019
Zeta Psi,27,10,2.882,2.674,0,0,0,,,Interfraternity Council,F19,9/1/2019
Zeta Beta Tau,41,14,3.252,3.105,655,15.9,0,,,Interfraternity Council,F19,9/1/2019
Theta Chi,97,21,3.177,2.833,487,5,500,,,Interfraternity Council,F19,9/1/2019
Tau Kappa Epsilon,33,33,3.044,3.044,0,0,0,,,Interfraternity Council,F19,9/1/2019
Tau Epsilon Phi,18,2,2.565,1.484,140,7.8,0,,,Interfraternity Council,F19,9/1/2019
Sigma Pi,17,1,2.927,,360,21.1,388,,,Interfraternity Council,F19,9/1/2019
Sigma Beta Rho,12,3,3.304,3.052,221,18.4,0,,,Interfraternity Council,F19,9/1/2019
Sigma Alpha Mu,38,7,3.154,2.91,111,2.9,0,,,Interfraternity Council,F19,9/1/2019
Chi Phi,65,18,3.073,2.644,0,0,0,,,Interfraternity Council,F19,9/1/2019
Sigma Alpha Epsilon,49,8,3.136,3.127,0,0,0,,,Interfraternity Council,F19,9/1/2019
Pi Kappa Phi,70,19,2.981,2.915,0,0,0,,,Interfraternity Council,F19,9/1/2019
Pi Kappa Alpha,68,13,2.877,2.388,441,6.4,1054,,,Interfraternity Council,F19,9/1/2019
Phi Mu Delta,18,4,3.23,3.311,161,8.9,0,,,Interfraternity Council,F19,9/1/2019
Phi Kappa Tau,43,9,3.147,2.924,0,0,0,,,Interfraternity Council,F19,9/1/2019
Phi Kappa Psi,64,12,3.202,2.834,297,4.6,345,,,Interfraternity Council,F19,9/1/2019
Phi Gamma Delta,35,4,2.902,2.75,222.7,6.3,0,,,Interfraternity Council,F19,9/1/2019
Delta Upsilon,45,10,2.961,2.198,0,0,0,,,Interfraternity Council,F19,9/1/2019
Delta Phi,29,0,3.015,,0,0,0,,,Interfraternity Council,F19,9/1/2019
Delta Chi,27,6,2.909,2.972,0,0,0,,,Interfraternity Council,F19,9/1/2019
Pi Lambda Phi,23,6,2.977,2.952,160,7,0,,,Interfraternity Council,F19,9/1/2019
Theta Delta Chi,16,0,2.878,,0,0,0,,,Interfraternity Council,F19,9/1/2019
Phi Alpha Delta,28,13,3.584,3.445,,,860,,,Professional Fraternity Council,F19,9/1/2019
Lambda Kappa Sigma,40,4,3.445,3.064,,,0,,,Professional Fraternity Council,F19,9/1/2019
Mu Beta Psi,14,4,3.623,3.457,,,0,,,Professional Fraternity Council,F19,9/1/2019
alpha Kappa Delta Phi,23,5,2.97,2.126,232.5,10.1,0,,,Multicultural Greek Council,F19,9/1/2019
Alpha Phi Alpha,9,0,3.035,,82.5,9.1,205,,,Multicultural Greek Council,F19,9/1/2019
Chi Upsilon Sigma,8,5,3.224,3.006,130,16.2,0,,,Multicultural Greek Council,F19,9/1/2019
Delta Epsilon Psi,19,3,2.787,2.38,0,0,0,,,Multicultural Greek Council,F19,9/1/2019
Delta Kappa Delta,17,2,3.259,3.08,285,16.7,0,,,Multicultural Greek Council,F19,9/1/2019
Delta Lambda Phi,10,3,3.031,2.559,0,0,0,,,Multicultural Greek Council,F19,9/1/2019
Delta Phi Omega,16,3,3.018,2.5,437.5,27.3,0,,,Multicultural Greek Council,F19,9/1/2019
Delta Sigma Theta,21,21,3.092,3.092,0,0,0,,,Multicultural Greek Council,F19,9/1/2019
Iota Nu Delta,19,1,3.215,,677,35.6,0,,,Multicultural Greek Council,F19,9/1/2019
Iota Phi Theta,8,7,2.183,2.048,0,0,0,,,Multicultural Greek Council,F19,9/1/2019
Kappa Phi Gammma,17,3,3.338,3.413,423,24.6,0,,,Multicultural Greek Council,F19,9/1/2019
Kappa Phi Lambda,21,5,3.298,3.142,229.7,10.9,0,,,Multicultural Greek Council,F19,9/1/2019
Lambda Pi Chi,7,0,2.934,,0,0,0,,,Multicultural Greek Council,F19,9/1/2019
Lambda Sigma Upsilon,10,5,2.832,2.791,201.5,20,0,,,Multicultural Greek Council,F19,9/1/2019
Delta Sigma Iota,15,4,2.845,2.451,0,0,0,,,Multicultural Greek Council,F19,9/1/2019
Lambda Theta Phi,7,0,2.704,,249,35.5,0,,,Multicultural Greek Council,F19,9/1/2019
Lambda Theta Alpha,7,2,2.424,2,152.5,21.7,0,,,Multicultural Greek Council,F19,9/1/2019
Delta Sigma Pi,75,14,3.552,3.438,,,64,,,Professional Fraternity Council,F19,9/1/2019
Alpha Zeta,48,14,3.301,3.558,1042.5,21.7,230,,,Professional Fraternity Council,F19,9/1/2019
Alpha Phi Omega,83,2,3.361,3.28,3944.5,47.5,1642,,,Professional Fraternity Council,F19,9/1/2019
Zeta Phi Beta,10,0,3.636,,143.5,14.3,543,,,Multicultural Greek Council,F19,9/1/2019
Sigma Psi Zeta,11,0,3.359,,0,0,0,,,Multicultural Greek Council,F19,9/1/2019
Sigma Lambda Upsilon,9,0,3.35,,0,0,0,,,Multicultural Greek Council,F19,9/1/2019
Sigma Sigma Rho,8,1,3.092,,152,19,183.12,,,Multicultural Greek Council,F19,9/1/2019
Sigma Lambda Beta,7,2,3.21,3.155,657,94,0,,,Multicultural Greek Council,F19,9/1/2019
Phi Beta Sigma,7,1,2.25,,0,0,0,,,Multicultural Greek Council,F19,9/1/2019
Omega Phi Chi,4,0,3.409,,0,0,0,,,Multicultural Greek Council,F19,9/1/2019
Nu Alpha Phi,5,0,3.246,,50,10,0,,,Multicultural Greek Council,F19,9/1/2019
Mu Sigma Upsilon,11,0,2.717,,140,12.7,0,,,Multicultural Greek Council,F19,9/1/2019
Lambda Upsilon Lambda,6,0,2.907,,109,18.1,0,,,Multicultural Greek Council,F19,9/1/2019
Sigma Lambda Gamma,8,4,2.935,3,164,20.5,0,,,Multicultural Greek Council,F19,9/1/2019
Chi Phi,95,30,3.566,3.622,147,1.5,9415,91.82,4,Interfraternity Council,S20,1/1/2020
Alpha Delta Phi,20,6,3.476,3.691,24,1.2,3678.91,92.27,4,Interfraternity Council,S20,1/1/2020
Alpha Sigma Phi,66,8,3.616,3.685,0,0,11682.03,60.45,1,Interfraternity Council,S20,1/1/2020
Alpha Phi Delta,17,7,3.436,3.382,0,0,640,50.91,1,Interfraternity Council,S20,1/1/2020
Alpha Kappa Lambda,23,11,3.615,3.55,170,7.4,1876.95,82.73,3,Interfraternity Council,S20,1/1/2020
Alpha Epsilon Pi,71,15,3.716,3.649,258,3.6,16124.42,72.27,2,Interfraternity Council,S20,1/1/2020
Zeta Tau Alpha,148,49,3.673,3.64,72.8,0.5,30206.51,81.36,3,Panhellenic Council,S20,1/1/2020
Delta Gamma,114,38,3.695,3.682,358,3.1,40510.17,83.64,3,Panhellenic Council,S20,1/1/2020
Sigma Delta Tau,149,50,3.667,3.63,1444,9.8,33567.64,91.36,4,Panhellenic Council,S20,1/1/2020
Phi Sigma Sigma,151,49,3.666,3.649,212.5,1.4,40530.76,80.91,3,Panhellenic Council,S20,1/1/2020
Phi Sigma Rho,40,8,3.725,3.819,267.5,6.7,9118.48,83.64,3,Panhellenic Council,S20,1/1/2020
Phi Mu,150,53,3.741,3.71,252,1.7,28872.55,91.36,4,Panhellenic Council,S20,1/1/2020
Omega Phi Alpha,86,29,3.776,3.74,386.5,4.5,17457.11,83.64,3,Panhellenic Council,S20,1/1/2020
Gamma Phi Beta,148,46,3.727,3.7,5,0,50040.16,90.45,4,Panhellenic Council,S20,1/1/2020
Chi Psi,84,16,3.665,3.891,0,0,28437.83,76.36,2,Interfraternity Council,S20,1/1/2020
Sigma Kappa,42,12,3.542,3.553,28,0.7,7926.84,90,4,Panhellenic Council,S20,1/1/2020
Delta Chi,35,14,3.609,3.658,66,1.9,1954.21,69.55,1,Interfraternity Council,S20,1/1/2020
Theta Chi,117,24,3.676,3.655,42,0.4,19781.01,70,2,Interfraternity Council,S20,1/1/2020
Delta Upsilon,55,10,3.577,3.711,201,3.7,20866.33,70,2,Interfraternity Council,S20,1/1/2020
Theta Delta Chi,64,48,3.585,3.604,0,0,0,,,Interfraternity Council,S20,1/1/2020
Alpha Omega Epsilon,52,9,3.815,3.813,116.5,2.2,8458.16,76.36,2,Panhellenic Council,S20,1/1/2020
Tau Kappa Epsilon,54,21,3.527,3.688,0,0,4207.31,,,Interfraternity Council,S20,1/1/2020
Tau Epsilon Phi,22,5,3.464,3.474,12,0.5,50,75,2,Interfraternity Council,S20,1/1/2020
Sigma Pi,23,7,3.595,3.589,0,0,3300.5,32.73,1,Interfraternity Council,S20,1/1/2020
Sigma Beta Rho,16,5,3.553,3.527,6,0.4,0,55.91,1,Interfraternity Council,S20,1/1/2020
Sigma Alpha Mu,47,13,3.7,3.73,7,0.1,1492.83,62.7,1,Interfraternity Council,S20,1/1/2020
Delta Phi,58,31,3.667,3.656,82,1.4,7049,,,Interfraternity Council,S20,1/1/2020
Sigma Alpha Epsilon,53,12,3.54,3.663,91,1.7,12888.99,63.64,1,Interfraternity Council,S20,1/1/2020
Pi Kappa Phi,83,13,3.46,3.503,0,0,6915,44.55,1,Interfraternity Council,S20,1/1/2020
Pi Kappa Alpha,56,0,3.606,,75,1.1,865,15,1,Interfraternity Council,S20,1/1/2020
Phi Sigma Kappa,19,2,3.52,2.934,0,0,2071.3,83.64,3,Interfraternity Council,S20,1/1/2020
Phi Mu Delta,21,4,3.64,3.445,183.5,9.2,2854.23,80.45,3,Interfraternity Council,S20,1/1/2020
Phi Kappa Tau,51,12,3.572,3.554,60,1.2,7506.01,41.82,1,Interfraternity Council,S20,1/1/2020
Phi Kappa Psi,81,27,3.591,3.46,0,0,1213,83.18,3,Interfraternity Council,S20,1/1/2020
Phi Gamma Delta,35,4,3.533,3.635,187,5.3,5910.34,56.82,1,Interfraternity Council,S20,1/1/2020
Pi Lambda Phi,20,0,3.593,,0,0,0,26.82,1,Interfraternity Council,S20,1/1/2020
Alpha Gamma Delta,133,50,3.691,3.682,464,3.5,16044.22,82.27,3,Panhellenic Council,S20,1/1/2020
Sigma Lambda Beta,10,3,3.603,3.742,0,0,0,63.18,1,Multicultural Greek Council,S20,1/1/2020
Phi Sigma Pi,67,15,3.871,3.825,79,1.2,8899.68,87.27,3,Professional Fraternity Council,S20,1/1/2020
Lambda Sigma Upsilon,10,0,3.45,,160.5,16,0,91.36,4,Multicultural Greek Council,S20,1/1/2020
Lambda Pi Chi,20,12,3.579,3.535,74,3.7,0,96.82,4,Multicultural Greek Council,S20,1/1/2020
Kappa Phi Lambda,25,6,3.598,3.391,97,3.9,2094.53,81.82,3,Multicultural Greek Council,S20,1/1/2020
Kappa Phi Gamma,18,5,3.628,3.786,10,0.6,4266.34,53.18,1,Multicultural Greek Council,S20,1/1/2020
Iota Phi Theta,8,0,3.329,,118,14.8,0,,,Multicultural Greek Council,S20,1/1/2020
Iota Nu Delta,23,6,3.661,3.789,6,0.3,1913.86,56.82,1,Multicultural Greek Council,S20,1/1/2020
Delta Sigma Theta,19,0,3.548,,0,0,0,,,Multicultural Greek Council,S20,1/1/2020
Delta Sigma Iota,18,5,3.719,3.607,116.5,6.5,2599.5,70,2,Multicultural Greek Council,S20,1/1/2020
Delta Phi Omega,19,4,3.729,3.697,0,0,1109.39,66.36,1,Multicultural Greek Council,S20,1/1/2020
Delta Lambda Phi,11,2,3.577,3.413,20,1.8,0,65.91,1,Multicultural Greek Council,S20,1/1/2020
Delta Kappa Delta,18,0,3.72,,131,7.7,4043.97,85.45,3,Multicultural Greek Council,S20,1/1/2020
Delta Epsilon Psi,19,2,3.537,3.696,147,7.7,195,76.82,2,Multicultural Greek Council,S20,1/1/2020
Chi Upsilon Sigma,7,0,3.637,,69,9.9,200,85,3,Multicultural Greek Council,S20,1/1/2020
Alpha Phi Alpha,14,6,3.52,3.24,128,9.1,50,85,3,Multicultural Greek Council,S20,1/1/2020
alpha Kappa Delta Phi,21,4,3.641,3.937,21,1,747,80.91,3,Multicultural Greek Council,S20,1/1/2020
Lambda Theta Alpha,10,6,3.64,3.695,60,6,100,86.36,3,Multicultural Greek Council,S20,1/1/2020
Lambda Theta Phi,8,0,3.44,,40,5,1000,76.82,2,Multicultural Greek Council,S20,1/1/2020
Lambda Upsilon Lambda,16,10,3.39,3.277,2,0.1,0,77.27,2,Multicultural Greek Council,S20,1/1/2020
Nu Alpha Phi,17,11,3.514,3.623,99,5.8,0,,,Multicultural Greek Council,S20,1/1/2020
Phi Delta Epsilon,88,17,3.887,3.838,1057,12,9597.41,78.64,2,Professional Fraternity Council,S20,1/1/2020
Phi Delta Chi,78,9,3.697,3.692,49.5,0.6,16141.01,78.18,2,Professional Fraternity Council,S20,1/1/2020
Phi Chi Theta,72,15,3.851,3.871,296.5,4.1,17857.38,76.36,2,Professional Fraternity Council,S20,1/1/2020
Phi Alpha Delta,37,12,3.844,3.74,69,1.9,4854.19,78.18,2,Professional Fraternity Council,S20,1/1/2020
Mu Beta Psi,23,9,3.674,3.495,339,14.7,3923.3,98.18,4,Professional Fraternity Council,S20,1/1/2020
Lambda Kappa Sigma,43,4,3.6,3.663,122.5,2.8,7298.56,89.09,3,Professional Fraternity Council,S20,1/1/2020
Delta Sigma Pi,85,14,3.858,3.904,25,0.3,24829.77,63.64,1,Professional Fraternity Council,S20,1/1/2020
Theta Tau,49,15,3.658,3.636,97.25,2,14356.91,84.09,3,Professional Fraternity Council,S20,1/1/2020
Alpha Zeta,62,15,3.606,3.584,332,5.3,8219.7,92.73,4,Professional Fraternity Council,S20,1/1/2020
Zeta Phi Beta,12,4,3.797,3.746,128,10.6,513,80.45,3,Multicultural Greek Council,S20,1/1/2020
Sigma Psi Zeta,17,5,3.81,3.848,100,5.9,1346.46,88.64,3,Multicultural Greek Council,S20,1/1/2020
Sigma Lambda Upsilon,14,5,3.728,3.635,38,2.7,0,81.36,3,Multicultural Greek Council,S20,1/1/2020
Sigma Lambda Gamma,11,3,3.731,3.763,62,5.6,75,83.64,3,Multicultural Greek Council,S20,1/1/2020
Zeta Beta Tau,46,10,3.575,3.53,395,9.4,9892,76.82,2,Interfraternity Council,S20,1/1/2020
Phi Beta Sigma,4,0,3.47,,0,0,0,61.82,1,Multicultural Greek Council,S20,1/1/2020
Omega Phi Chi,5,1,3.932,,76,15.2,120,87.27,3,Multicultural Greek Council,S20,1/1/2020
Alpha Phi Omega,92,23,3.734,3.712,289.5,3.1,37547.16,55.91,1,Professional Fraternity Council,S20,1/1/2020
Zeta Psi,33,12,3.365,3.488,0,0,0,73.64,2,Interfraternity Council,S20,1/1/2020
Alpha Chi Omega,142,53,3.682,3.684,307,2.1,40660.66,87.73,3,Panhellenic Council,S20,1/1/2020
Alpha Phi Alpha,7,0,3.324,,,,,,,Multicultural Greek Council,F20,9/1/2020
Chi Phi,77,13,3.472,3.293,,,,,,Interfraternity Council,F20,9/1/2020
Alpha Sigma Phi,43,5,3.579,3.48,,,,,,Interfraternity Council,F20,9/1/2020
Alpha Phi Delta,11,0,3.349,,,,,,,Interfraternity Council,F20,9/1/2020
Alpha Kappa Lambda,13,1,3.295,,,,,,,Interfraternity Council,F20,9/1/2020
Alpha Epsilon Pi,52,8,3.696,3.684,,,,,,Interfraternity Council,F20,9/1/2020
Alpha Delta Phi,17,1,3.682,,,,,,,Interfraternity Council,F20,9/1/2020
Zeta Tau Alpha,111,10,3.636,3.212,,,,,,Panhellenic Council,F20,9/1/2020
Sigma Kappa,43,8,3.615,3.446,,,,,,Panhellenic Council,F20,9/1/2020
Sigma Delta Tau,110,0,3.723,,,,,,,Panhellenic Council,F20,9/1/2020
Phi Sigma Sigma,114,5,3.621,3.645,,,,,,Panhellenic Council,F20,9/1/2020
Phi Sigma Rho,35,6,3.634,3.5,,,,,,Panhellenic Council,F20,9/1/2020
Phi Mu,91,0,3.753,,,,,,,Panhellenic Council,F20,9/1/2020
Omega Phi Alpha,61,13,3.773,3.771,,,,,,Panhellenic Council,F20,9/1/2020
Gamma Phi Beta,107,0,3.766,,,,,,,Panhellenic Council,F20,9/1/2020
Delta Gamma,91,10,3.701,3.576,,,,,,Panhellenic Council,F20,9/1/2020
Delta Chi,25,4,3.529,3.49,,,,,,Interfraternity Council,F20,9/1/2020
Delta Phi,42,15,3.571,3.463,,,,,,Interfraternity Council,F20,9/1/2020
Delta Upsilon,29,7,3.578,3.52,,,,,,Interfraternity Council,F20,9/1/2020
Phi Gamma Delta,19,0,3.481,,,,,,,Interfraternity Council,F20,9/1/2020
alpha Kappa Delta Phi,21,0,3.6,,,,,,,Multicultural Greek Council,F20,9/1/2020
Zeta Beta Tau,26,0,3.575,,,,,,,Interfraternity Council,F20,9/1/2020
Theta Delta Chi,30,0,3.495,,,,,,,Interfraternity Council,F20,9/1/2020
Theta Chi,103,10,3.586,3.407,,,,,,Interfraternity Council,F20,9/1/2020
Tau Kappa Epsilon,48,0,3.412,,,,,,,Interfraternity Council,F20,9/1/2020
Tau Epsilon Phi,11,3,3.324,3.315,,,,,,Interfraternity Council,F20,9/1/2020
Sigma Pi,22,5,3.618,3.631,,,,,,Interfraternity Council,F20,9/1/2020
Alpha Omega Epsilon,59,19,3.764,3.585,,,,,,Panhellenic Council,F20,9/1/2020
Sigma Beta Rho,14,2,3.537,3.772,,,,,,Interfraternity Council,F20,9/1/2020
Sigma Alpha Epsilon,46,11,3.494,3.525,,,,,,Interfraternity Council,F20,9/1/2020
Pi Kappa Phi,68,5,3.463,3.63,,,,,,Interfraternity Council,F20,9/1/2020
Pi Kappa Alpha,47,0,3.598,,,,,,,Interfraternity Council,F20,9/1/2020
Phi Sigma Kappa,13,4,3.416,3.388,,,,,,Interfraternity Council,F20,9/1/2020
Phi Mu Delta,12,2,3.732,3.573,,,,,,Interfraternity Council,F20,9/1/2020
Phi Kappa Tau,53,4,3.529,3.377,,,,,,Interfraternity Council,F20,9/1/2020
Phi Kappa Psi,31,0,3.543,,,,,,,Interfraternity Council,F20,9/1/2020
Sigma Alpha Mu,36,13,3.702,3.705,,,,,,Interfraternity Council,F20,9/1/2020
Alpha Gamma Delta,111,4,3.696,3.81,,,,,,Panhellenic Council,F20,9/1/2020
Chi Psi,60,0,3.653,,,,,,,Interfraternity Council,F20,9/1/2020
Alpha Chi Omega,110,0,3.689,,,,,,,Panhellenic Council,F20,9/1/2020
Nu Alpha Phi,7,2,3.486,3.5,,,,,,Multicultural Greek Council,F20,9/1/2020
Lambda Upsilon Lambda,11,0,3.464,,,,,,,Multicultural Greek Council,F20,9/1/2020
Lambda Theta Phi,9,4,3.388,3.458,,,,,,Multicultural Greek Council,F20,9/1/2020
Lambda Theta Alpha,9,3,3.431,3.675,,,,,,Multicultural Greek Council,F20,9/1/2020
Lambda Sigma Upsilon,7,0,3.402,,,,,,,Multicultural Greek Council,F20,9/1/2020
Lambda Pi Chi,15,0,3.263,,,,,,,Multicultural Greek Council,F20,9/1/2020
Kappa Phi Gammma,20,5,3.635,3.288,,,,,,Multicultural Greek Council,F20,9/1/2020
Omega Phi Chi,3,1,3.525,,,,,,,Multicultural Greek Council,F20,9/1/2020
Iota Phi Theta,8,0,2.768,,,,,,,Multicultural Greek Council,F20,9/1/2020
Delta Sigma Theta,6,0,3.324,,,,,,,Multicultural Greek Council,F20,9/1/2020
Delta Sigma Iota,19,4,3.606,3.5,,,,,,Multicultural Greek Council,F20,9/1/2020
Delta Phi Omega,20,8,3.687,3.545,,,,,,Multicultural Greek Council,F20,9/1/2020
Delta Lambda Phi,4,0,3.689,,,,,,,Multicultural Greek Council,F20,9/1/2020
Delta Kappa Delta,11,4,3.623,3.371,,,,,,Multicultural Greek Council,F20,9/1/2020
Delta Epsilon Psi,8,0,3.628,,,,,,,Multicultural Greek Council,F20,9/1/2020
Zeta Psi,31,5,3.388,3.36,,,,,,Interfraternity Council,F20,9/1/2020
Iota Nu Delta,14,0,3.744,,,,,,,Multicultural Greek Council,F20,9/1/2020
Phi Beta Sigma,1,0,,,,,,,,Multicultural Greek Council,F20,9/1/2020
Kappa Phi Lambda,24,0,3.698,,,,,,,Multicultural Greek Council,F20,9/1/2020
Theta Tau,52,10,3.781,3.81,,,,,,Professional Fraternity Council,F20,9/1/2020
Sigma Lambda Beta,3,0,3.708,,,,,,,Multicultural Greek Council,F20,9/1/2020
Phi Sigma Pi,59,15,3.762,3.795,,,,,,Professional Fraternity Council,F20,9/1/2020
Phi Delta Epsilon,69,9,3.804,3.777,,,,,,Professional Fraternity Council,F20,9/1/2020
Phi Delta Chi,75,14,3.808,3.838,,,,,,Professional Fraternity Council,F20,9/1/2020
Phi Chi Theta,70,12,3.84,3.684,,,,,,Professional Fraternity Council,F20,9/1/2020
Phi Alpha Delta,47,23,3.758,3.684,,,,,,Professional Fraternity Council,F20,9/1/2020
Mu Beta Psi,21,6,3.468,3.451,,,,,,Professional Fraternity Council,F20,9/1/2020
Lambda Kappa Sigma,44,11,3.667,3.652,,,,,,Professional Fraternity Council,F20,9/1/2020
Chi Upsilon Sigma,8,3,3.568,3.811,,,,,,Multicultural Greek Council,F20,9/1/2020
Alpha Zeta,56,13,3.668,3.672,,,,,,Professional Fraternity Council,F20,9/1/2020
Alpha Phi Omega,60,0,3.754,,,,,,,Professional Fraternity Council,F20,9/1/2020
Zeta Phi Beta,6,0,3.5,,,,,,,Multicultural Greek Council,F20,9/1/2020
Sigma Sigma Rho,2,0,3.896,,,,,,,Multicultural Greek Council,F20,9/1/2020
Sigma Psi Zeta,16,5,3.697,3.705,,,,,,Multicultural Greek Council,F20,9/1/2020
Sigma Lambda Upsilon,6,0,3.673,,,,,,,Multicultural Greek Council,F20,9/1/2020
Sigma Lambda Gamma,8,2,3.728,3.694,,,,,,Multicultural Greek Council,F20,9/1/2020
Delta Sigma Pi,76,11,3.805,3.737,,,,,,Professional Fraternity Council,F20,9/1/2020
Omega Phi Chi,5,2,3.889,3.78,0,0,0,77.27,,Multicultural Greek Council,S21,1/1/2021
Phi Beta Sigma,3,2,2.794,2.714,0,0,0,60.23,,Multicultural Greek Council,S21,1/1/2021
Sigma Lambda Beta,5,2,3.532,3.368,0,0,0,54.55,,Multicultural Greek Council,S21,1/1/2021
Sigma Lambda Gamma,9,2,3.704,3.5,0,0,100,93.18,,Multicultural Greek Council,S21,1/1/2021
Sigma Lambda Upsilon,6,0,3.645,,0,0,0,75,,Multicultural Greek Council,S21,1/1/2021
Sigma Psi Zeta,19,3,3.702,3.792,0,0,792,90.91,,Multicultural Greek Council,S21,1/1/2021
Zeta Phi Beta,11,5,3.042,2.525,0,0,0,87.5,,Multicultural Greek Council,S21,1/1/2021
Lambda Kappa Sigma,58,12,3.605,3.542,0,0,577,88.64,,Professional Fraternity Council,S21,1/1/2021
Alpha Zeta,74,19,3.637,3.497,0,0,1533,97.73,,Professional Fraternity Council,S21,1/1/2021
Delta Sigma Pi,83,15,3.745,3.724,0,0,2974,81.82,,Professional Fraternity Council,S21,1/1/2021
Mu Beta Psi,24,3,3.619,3.613,0,0,720,93.18,,Professional Fraternity Council,S21,1/1/2021
Phi Alpha Delta,61,18,3.789,3.735,0,0,2592,81.82,,Professional Fraternity Council,S21,1/1/2021
Phi Chi Theta,81,12,3.779,3.836,0,0,9811,94.45,,Professional Fraternity Council,S21,1/1/2021
Phi Delta Chi,75,0,3.633,,0,0,4280,75,,Professional Fraternity Council,S21,1/1/2021
Nu Alpha Phi,6,1,3.191,,0,0,466,84.09,,Multicultural Greek Council,S21,1/1/2021
Alpha Phi Omega,74,27,3.666,3.664,1286,17.4,10690,88.64,,Professional Fraternity Council,S21,1/1/2021
Phi Delta Epsilon,83,14,3.804,3.788,6,0.1,2477,96.59,,Professional Fraternity Council,S21,1/1/2021
alpha Kappa Delta Phi,29,8,3.691,3.755,0,0,980,88.64,,Multicultural Greek Council,S21,1/1/2021
Lambda Theta Phi,9,0,3.375,,0,0,100,43.18,,Multicultural Greek Council,S21,1/1/2021
Phi Sigma Pi,70,18,3.804,3.767,20,0.3,2015,90.91,,Professional Fraternity Council,S21,1/1/2021
Alpha Phi Alpha,7,0,2.99,,29,4.1,0,81.82,,Multicultural Greek Council,S21,1/1/2021
Chi Upsilon Sigma,7,1,3.55,,0,0,0,90.91,,Multicultural Greek Council,S21,1/1/2021
Delta Epsilon Psi,16,9,3.337,3.213,0,0,0,31.82,,Multicultural Greek Council,S21,1/1/2021
Delta Kappa Delta,16,4,3.538,3.416,0,0,0,38.64,,Multicultural Greek Council,S21,1/1/2021
Delta Lambda Phi,3,0,3.744,,0,0,0,75,,Multicultural Greek Council,S21,1/1/2021
Delta Phi Omega,22,3,3.654,3.863,136,6.2,400,97.73,,Multicultural Greek Council,S21,1/1/2021
Lambda Upsilon Lambda,18,6,3.319,3.379,0,0,0,82.95,,Multicultural Greek Council,S21,1/1/2021
Delta Sigma Iota,25,7,3.623,3.766,0,0,367,81.82,,Multicultural Greek Council,S21,1/1/2021
Iota Nu Delta,19,7,3.621,3.515,100,5.3,3889,81.82,,Multicultural Greek Council,S21,1/1/2021
Iota Phi Theta,9,1,2.901,,,0,0,55.68,,Multicultural Greek Council,S21,1/1/2021
Kappa Phi Gamma,19,4,3.636,3.746,444,23.4,2217,85.23,,Multicultural Greek Council,S21,1/1/2021
Kappa Phi Lambda,32,12,3.649,3.785,15,0.5,1309,97.73,,Multicultural Greek Council,S21,1/1/2021
Lambda Pi Chi,16,3,3.564,3.666,8,0.5,9500,84.09,,Multicultural Greek Council,S21,1/1/2021
Lambda Sigma Upsilon,16,9,3.59,3.711,12,0.8,379,88.64,,Multicultural Greek Council,S21,1/1/2021
Lambda Theta Alpha,11,4,3.506,3.47,60,5.5,1300,93.18,,Multicultural Greek Council,S21,1/1/2021
Delta Sigma Theta,14,7,3.428,3.276,4,0.3,0,82.95,,Multicultural Greek Council,S21,1/1/2021
Theta Tau,60,7,3.73,3.761,0,0,1201,97.73,,Professional Fraternity Council,S21,1/1/2021
Delta Phi,60,17,3.414,3.323,0,0,686,52.27,,Interfraternity Council,S21,1/1/2021
Alpha Gamma Delta,133,42,3.645,3.675,0,0,9337,88.64,,Panhellenic Council,S21,1/1/2021
Phi Kappa Psi,57,4,3.66,3.76,0,0,1150,93.18,,Interfraternity Council,S21,1/1/2021
Phi Kappa Tau,55,6,3.508,3.405,0,0,8218,63.64,,Interfraternity Council,S21,1/1/2021
Phi Mu Delta,17,5,3.48,3.57,0,0,0,90.91,,Interfraternity Council,S21,1/1/2021
Phi Sigma Kappa,18,6,3.569,3.613,0,0,0,70.45,,Interfraternity Council,S21,1/1/2021
Pi Kappa Phi,76,14,3.438,3.385,0,0,4060,46.59,,Interfraternity Council,S21,1/1/2021
Sigma Alpha Epsilon,45,9,3.5,3.521,0,0,78,64.77,,Interfraternity Council,S21,1/1/2021
Sigma Alpha Mu,36,6,3.585,3.563,0,0,400,71.59,,Interfraternity Council,S21,1/1/2021
Sigma Beta Rho,18,5,3.375,3.626,0,0,0,84.09,,Interfraternity Council,S21,1/1/2021
Sigma Chi,9,9,3.685,3.685,0,0,0,,,Interfraternity Council,S21,1/1/2021
Sigma Pi,21,1,3.494,,80,3.8,1000,72.73,,Interfraternity Council,S21,1/1/2021
Tau Epsilon Phi,6,1,3.051,,0,0,0,65.91,,Interfraternity Council,S21,1/1/2021
Theta Chi,96,13,3.562,3.56,0,0,7778,54.55,,Interfraternity Council,S21,1/1/2021
Theta Delta Chi,36,0,3.416,,0,0,0,38.64,,Interfraternity Council,S21,1/1/2021
Zeta Beta Tau,19,3,3.523,3.111,0,0,647,84.09,,Interfraternity Council,S21,1/1/2021
Alpha Chi Omega,142,42,3.662,3.578,0,0,9625,100,,Panhellenic Council,S21,1/1/2021
Phi Gamma Delta,24,3,3.421,3.338,0,0,0,54.55,,Interfraternity Council,S21,1/1/2021
Delta Upsilon,30,0,3.549,,0,0,140,69.32,,Interfraternity Council,S21,1/1/2021
Zeta Psi,26,3,3.362,3.192,0,0,0,77.27,,Interfraternity Council,S21,1/1/2021
Chi Psi,88,28,3.586,3.474,0,0,22060,86.36,,Interfraternity Council,S21,1/1/2021
Delta Chi,30,4,3.485,3.421,0,0,782.1,85.23,,Interfraternity Council,S21,1/1/2021
Delta Gamma,108,18,3.622,3.369,545,5,7951,97.73,,Panhellenic Council,S21,1/1/2021
Gamma Phi Beta,138,43,3.704,3.56,762,5.5,10192,86.36,,Panhellenic Council,S21,1/1/2021
Omega Phi Alpha,86,21,3.644,3.622,475,5.5,2706,95.45,,Panhellenic Council,S21,1/1/2021
Phi Mu,124,41,3.734,3.653,18,0.1,10758,81.82,,Panhellenic Council,S21,1/1/2021
Phi Sigma Rho,36,11,3.572,3.566,6,0.2,1879,81.82,,Panhellenic Council,S21,1/1/2021
Phi Sigma Sigma,148,39,3.561,3.482,0,0,28722,80.68,,Panhellenic Council,S21,1/1/2021
Sigma Delta Tau,141,41,3.643,3.578,30,0.2,10946,88.64,,Panhellenic Council,S21,1/1/2021
Alpha Omega Epsilon,65,20,3.781,3.787,0,0,3500,93.18,,Panhellenic Council,S21,1/1/2021
Zeta Tau Alpha,142,52,3.64,3.639,30,0.2,16939,86.36,,Panhellenic Council,S21,1/1/2021
Alpha Delta Phi,19,3,3.524,3.2,21,1.1,27668,93.18,,Interfraternity Council,S21,1/1/2021
Alpha Epsilon Pi,67,19,3.603,3.508,5,0.1,5000,70.45,,Interfraternity Council,S21,1/1/2021
Alpha Kappa Lambda,13,0,3.567,,0,0,0,72.73,,Interfraternity Council,S21,1/1/2021
Alpha Phi Delta,6,0,3.342,,0,0,0,25,,Interfraternity Council,S21,1/1/2021
Alpha Sigma Phi,46,7,3.559,3.61,0,0,2021,86.36,,Interfraternity Council,S21,1/1/2021
Sigma Kappa,43,0,3.535,,0,0,0,,,Panhellenic Council,S21,1/1/2021
Chi Phi,91,16,3.91,3.429,10,0.1,4145,92.05,,Interfraternity Council,S21,1/1/2021
Nu Alpha Phi,8,1,3.318,,0,0,0,84.09,,Multicultural Greek Council,F21,9/1/2021
Omega Phi Chi,3,0,3.078,,0,0,0,77.27,,Multicultural Greek Council,F21,9/1/2021
Phi Beta Sigma,2,0,1.645,,0,0,0,60.23,,Multicultural Greek Council,F21,9/1/2021
Sigma Lambda Beta,4,0,1.441,,0,0,0,54.55,,Multicultural Greek Council,F21,9/1/2021
Sigma Lambda Gamma,4,0,2.277,,51.5,12.9,1815,93.18,,Multicultural Greek Council,F21,9/1/2021
Sigma Lambda Upsilon,5,0,2.25,,24.5,4.9,0,75,,Multicultural Greek Council,F21,9/1/2021
Alpha Zeta,50,7,3.455,3.632,3,0.1,0,97.73,,Professional Fraternity Council,F21,9/1/2021
Zeta Phi Beta,8,0,3.022,,77.9,9.7,0,87.5,,Multicultural Greek Council,F21,9/1/2021
Alpha Phi Omega,51,10,3.449,3.181,801,15.7,85,88.64,,Professional Fraternity Council,F21,9/1/2021
Delta Sigma Pi,58,17,3.499,3.522,0,0,0,81.82,,Professional Fraternity Council,F21,9/1/2021
Lambda Kappa Sigma,41,5,3.503,3.477,356.75,8.7,1126,88.64,,Professional Fraternity Council,F21,9/1/2021
Mu Beta Psi,21,7,3.373,3.452,255,12.1,0,93.18,,Professional Fraternity Council,F21,9/1/2021
Phi Alpha Delta,47,12,3.496,3.419,164,3.5,0,81.82,,Professional Fraternity Council,F21,9/1/2021
Lambda Upsilon Lambda,10,0,2.881,,0,0,0,82.95,,Multicultural Greek Council,F21,9/1/2021
Sigma Psi Zeta,12,4,3.516,3.561,165,13.8,0,90.91,,Multicultural Greek Council,F21,9/1/2021
Lambda Theta Phi,6,0,2.226,,0,0,0,43.18,,Multicultural Greek Council,F21,9/1/2021
Iota Nu Delta,11,0,3.03,,85,7.7,0,81.82,,Multicultural Greek Council,F21,9/1/2021
Lambda Tau Omega,0,2,2.765,2.765,0,,0,,,Multicultural Greek Council,F21,9/1/2021
alpha Kappa Delta Phi,24,2,3.436,3.366,173.5,7.2,0,88.64,,Multicultural Greek Council,F21,9/1/2021
Alpha Phi Alpha,5,4,2.583,3.405,36,7.2,0,81.82,,Multicultural Greek Council,F21,9/1/2021
Chi Upsilon Sigma,7,0,3.148,,50.5,7.2,105,90.91,,Multicultural Greek Council,F21,9/1/2021
Delta Epsilon Psi,12,8,2.826,3.179,0,0,0,31.82,,Multicultural Greek Council,F21,9/1/2021
Delta Kappa Delta,9,1,3.294,,0,0,0,38.64,,Multicultural Greek Council,F21,9/1/2021
Delta Lambda Phi,3,0,3.451,,0,0,0,75,,Multicultural Greek Council,F21,9/1/2021
Delta Phi Omega,18,6,3.189,3.041,0,0,0,97.73,,Multicultural Greek Council,F21,9/1/2021
Delta Sigma Iota,19,10,2.805,2.862,0,0,0,81.82,,Multicultural Greek Council,F21,9/1/2021
Delta Sigma Theta,7,0,3.034,,96,13.7,0,82.95,,Multicultural Greek Council,F21,9/1/2021
Iota Phi Theta,5,0,2.713,,43,8.6,0,55.68,,Multicultural Greek Council,F21,9/1/2021
Kappa Phi Gamma,13,0,3.382,,94,7.2,0,85.23,,Multicultural Greek Council,F21,9/1/2021
Phi Chi Theta,55,12,3.578,3.266,416,7.6,0,95.45,,Professional Fraternity Council,F21,9/1/2021
Kappa Phi Lambda,21,5,3.516,3.523,568,27,1126,97.73,,Multicultural Greek Council,F21,9/1/2021
Lambda Pi Chi,11,0,2.859,,6,0.5,56,84.09,,Multicultural Greek Council,F21,9/1/2021
Lambda Sigma Upsilon,12,0,2.97,,109,9.1,0,88.64,,Multicultural Greek Council,F21,9/1/2021
Lambda Theta Alpha,10,0,2.741,,127,12.7,0,93.18,,Multicultural Greek Council,F21,9/1/2021
Phi Delta Chi,75,19,3.619,3.503,499.5,6.7,0,75,,Professional Fraternity Council,F21,9/1/2021
Phi Kappa Sigma,1,12,2.847,3.039,12,12,65,,,Interfraternity Council,F21,9/1/2021
Phi Sigma Pi,47,12,3.594,3.827,260.5,5.5,305,90.91,,Professional Fraternity Council,F21,9/1/2021
Delta Phi,57,18,3.096,2.679,252,4.4,529,52.27,,Interfraternity Council,F21,9/1/2021
Delta Upsilon,31,9,3.005,2.9,203,6.5,0,69.32,,Interfraternity Council,F21,9/1/2021
Phi Gamma Delta,15,2,3.208,3.016,101.03,6.7,0,54.55,,Interfraternity Council,F21,9/1/2021
Phi Kappa Psi,46,11,3.216,3.302,13.5,0.3,0,93.18,,Interfraternity Council,F21,9/1/2021
Phi Kappa Tau,35,13,2.937,2.369,91,2.6,0,63.64,,Interfraternity Council,F21,9/1/2021
Phi Mu Delta,15,7,3.317,3.044,190,12.7,0,90.91,,Interfraternity Council,F21,9/1/2021
Phi Sigma Kappa,9,3,3.086,2.445,134,14.9,0,70.45,,Interfraternity Council,F21,9/1/2021
Pi Kappa Phi,53,15,2.828,2.788,60,1.1,0,46.59,,Interfraternity Council,F21,9/1/2021
Sigma Alpha Epsilon,39,35,3.003,2.91,0,0,383.87,64.77,,Interfraternity Council,F21,9/1/2021
Sigma Beta Rho,17,0,2.967,,80,4.7,100,84.09,,Interfraternity Council,F21,9/1/2021
Sigma Chi,0,12,3.045,3.045,56,,200,,,Interfraternity Council,F21,9/1/2021
Sigma Pi,12,6,3.165,3.464,91,7.6,0,72.73,,Interfraternity Council,F21,9/1/2021
Theta Chi,71,16,3.053,2.689,567,8,0,54.55,,Interfraternity Council,F21,9/1/2021
Zeta Beta Tau,29,13,3.191,2.946,351,12.1,0,84.09,,Interfraternity Council,F21,9/1/2021
Zeta Psi,22,23,2.88,2.73,0,0,0,77.27,,Interfraternity Council,F21,9/1/2021
Delta Chi,29,14,3.185,2.929,147.5,5.1,35,85.23,,Interfraternity Council,F21,9/1/2021
Chi Psi,60,15,3.321,2.796,225,3.8,0,86.36,,Interfraternity Council,F21,9/1/2021
Phi Delta Epsilon,51,15,3.687,3.575,616,12.1,2930.52,96.59,,Professional Fraternity Council,F21,9/1/2021
Alpha Sigma Phi,27,14,3.28,2.838,41,1.5,463.25,86.36,,Interfraternity Council,F21,9/1/2021
Theta Tau,41,8,3.38,2.971,150,3.7,0,97.73,,Professional Fraternity Council,F21,9/1/2021
Alpha Chi Omega,100,0,3.393,,613.5,6.1,7422.34,100,,Panhellenic Council,F21,9/1/2021
Alpha Gamma Delta,94,8,3.42,2.463,412,4.4,0,88.64,,Panhellenic Council,F21,9/1/2021
Alpha Omega Epsilon,43,20,3.476,3.211,749.5,17.4,407,93.18,,Panhellenic Council,F21,9/1/2021
Chi Phi,75,20,3.02,2.734,306,4.1,0,92.05,,Interfraternity Council,F21,9/1/2021
Gamma Phi Beta,106,0,3.475,,950.5,9,1754,86.36,,Panhellenic Council,F21,9/1/2021
Omega Phi Alpha,58,16,3.556,3.413,1048,18.1,0,95.45,,Panhellenic Council,F21,9/1/2021
Delta Gamma,59,15,3.381,2.882,390.73,6.6,0,97.73,,Panhellenic Council,F21,9/1/2021
Phi Sigma Rho,28,6,3.482,3.429,194,6.9,0,81.82,,Panhellenic Council,F21,9/1/2021
Phi Sigma Sigma,109,0,3.374,,654,6,0,80.68,,Panhellenic Council,F21,9/1/2021
Sigma Delta Tau,64,5,3.555,3.585,698,10.9,0,88.64,,Panhellenic Council,F21,9/1/2021
Zeta Tau Alpha,130,0,3.497,,0,0,8350,86.36,,Panhellenic Council,F21,9/1/2021
Alpha Epsilon Pi,56,9,3.242,2.374,0,0,0,70.45,,Interfraternity Council,F21,9/1/2021
Alpha Kappa Lambda,12,0,2.658,,132,11,500,72.73,,Interfraternity Council,F21,9/1/2021
Alpha Phi Delta,6,2,2.873,1.992,0,0,0,25,,Interfraternity Council,F21,9/1/2021
Phi Mu,91,8,3.452,3.337,192.5,2.1,17534.79,81.82,,Panhellenic Council,F21,9/1/2021
Phi Beta Sigma,1,3,2.289,2.116,0,0,0,28.57,,Multicultural Greek Council,S22,1/1/2022
Sigma Lambda Beta,3,0,1.923,,0,0,0,55.95,,Multicultural Greek Council,S22,1/1/2022
Sigma Lambda Gamma,4,4,2.86,3.465,0,0,0,76.19,,Multicultural Greek Council,S22,1/1/2022
Sigma Lambda Upsilon,5,2,3.268,3.421,52.5,10.5,7808,69.05,,Multicultural Greek Council,S22,1/1/2022
Sigma Psi Zeta,15,6,3.532,3.459,190.5,12.7,650,87.5,,Multicultural Greek Council,S22,1/1/2022
Zeta Phi Beta,7,2,3.196,3.196,0,0,0,47.62,,Multicultural Greek Council,S22,1/1/2022
Phi Delta Chi,93,7,3.393,3.288,0,0,3846.73,74.8,,Professional Fraternity Council,S22,1/1/2022
Alpha Zeta,55,10,3.542,3.572,0,0,9505.18,92.86,,Professional Fraternity Council,S22,1/1/2022
Delta Sigma Pi,65,16,3.491,3.6,0,0,42738.51,82.14,,Professional Fraternity Council,S22,1/1/2022
Lambda Kappa Sigma,41,10,3.267,3.135,329.5,8,2851.9,97.62,,Professional Fraternity Council,S22,1/1/2022
Mu Beta Psi,24,7,3.283,3.732,0,0,1589.77,85.71,,Professional Fraternity Council,S22,1/1/2022
Phi Alpha Delta,44,6,3.518,3.132,108,2.5,1120,77.38,,Professional Fraternity Council,S22,1/1/2022
Phi Chi Theta,63,13,3.504,3.61,482,7.7,4859.06,87.5,,Professional Fraternity Council,S22,1/1/2022
Omega Phi Chi,3,3,2.525,1.828,0,0,0,71.4,,Multicultural Greek Council,S22,1/1/2022
Alpha Phi Omega,55,23,3.432,3.229,69,1.3,8936.47,92.86,,Professional Fraternity Council,S22,1/1/2022
Nu Alpha Phi,7,10,2.837,2.639,0,0,0,60.71,,Multicultural Greek Council,S22,1/1/2022
Iota Phi Theta,5,2,3.011,3.288,45,9,0,72.62,,Multicultural Greek Council,S22,1/1/2022
Lambda Theta Phi,6,3,2.148,2.274,140,23.3,0,71.43,,Multicultural Greek Council,S22,1/1/2022
Phi Delta Epsilon,61,16,3.656,3.581,386,6.3,1550,83.3,,Professional Fraternity Council,S22,1/1/2022
alpha Kappa Delta Phi,20,5,3.268,2.928,113,5.7,353.5,75,,Multicultural Greek Council,S22,1/1/2022
Alpha Phi Alpha,13,5,2.36,1.69,0,0,0,66.25,,Multicultural Greek Council,S22,1/1/2022
Chi Upsilon Sigma,7,2,3.314,3.7,0,0,105,72.62,,Multicultural Greek Council,S22,1/1/2022
Delta Kappa Delta,8,5,3.225,2.928,0,0,0,53.57,,Multicultural Greek Council,S22,1/1/2022
Delta Phi Omega,22,2,3.008,3.241,0,0,0,60.71,,Multicultural Greek Council,S22,1/1/2022
Delta Sigma Iota,25,0,2.473,,0,0,230,60,,Multicultural Greek Council,S22,1/1/2022
Delta Sigma Theta,6,5,3.195,3.54,0,0,0,71.43,,Multicultural Greek Council,S22,1/1/2022
Iota Nu Delta,11,5,3.17,3.72,0,0,0,85,,Multicultural Greek Council,S22,1/1/2022
Kappa Phi Gamma,13,1,3.204,,174,13.4,4646.34,95,,Multicultural Greek Council,S22,1/1/2022
Kappa Phi Lambda,23,5,3.294,3.447,0,0,717,57.14,,Multicultural Greek Council,S22,1/1/2022
Lambda Pi Chi,8,5,3.097,3.121,0,0,0,69.05,,Multicultural Greek Council,S22,1/1/2022
Lambda Sigma Upsilon,11,5,3.117,3.1,178,16.2,0,86.9,,Multicultural Greek Council,S22,1/1/2022
Lambda Tau Omega,2,1,2.473,,0,0,0,,,Multicultural Greek Council,S22,1/1/2022
Lambda Theta Alpha,22,12,3.31,3.258,0,0,0,80.95,,Multicultural Greek Council,S22,1/1/2022
Lambda Upsilon Lambda,10,3,2.919,2.895,132,13.2,0,65.48,,Multicultural Greek Council,S22,1/1/2022
Phi Sigma Pi,47,16,3.663,3.524,0,0,3441,83.3,,Professional Fraternity Council,S22,1/1/2022
Theta Tau,41,15,3.187,2.908,256,6.2,15315.66,90.48,,Professional Fraternity Council,S22,1/1/2022
Alpha Chi Omega,131,51,3.42,3.487,684,5.2,16732.99,92.86,,Panhellenic Council,S22,1/1/2022
Phi Gamma Delta,17,5,3.019,2.957,143,8.4,2768.98,84.52,,Interfraternity Council,S22,1/1/2022
Phi Kappa Psi,25,1,3.237,2.902,309,12.4,125,80.95,,Interfraternity Council,S22,1/1/2022
Phi Kappa Sigma,10,4,3.051,3.186,0,0,970.94,,,Interfraternity Council,S22,1/1/2022
Phi Kappa Tau,47,7,2.901,2.398,0,0,1000,54.76,,Interfraternity Council,S22,1/1/2022
Zeta Psi,40,0,2.987,,0,0,0,,,Interfraternity Council,S22,1/1/2022
Phi Sigma Kappa,11,11,3.181,3.099,65,5.9,2478.5,86.9,,Interfraternity Council,S22,1/1/2022
Delta Upsilon,35,4,2.978,2.275,0,0,350,64.29,,Interfraternity Council,S22,1/1/2022
Pi Kappa Phi,48,8,2.927,2.935,0,0,0,78.57,,Interfraternity Council,S22,1/1/2022
Sigma Beta Rho,17,3,2.894,2.802,0,0,284.39,69.05,,Interfraternity Council,S22,1/1/2022
Sigma Chi,10,16,3.439,3.512,0,0,125,,,Interfraternity Council,S22,1/1/2022
Sigma Pi,17,5,3.274,2.52,160,9.4,0,83.33,,Interfraternity Council,S22,1/1/2022
Sigma Phi Epsilon,0,30,3.536,3.536,0,,25,,,Interfraternity Council,S22,1/1/2022
Theta Chi,88,19,3.177,3.306,0,0,6585,88.1,,Interfraternity Council,S22,1/1/2022
Zeta Beta Tau,38,10,3.075,2.804,0,0,3090.64,90.48,,Interfraternity Council,S22,1/1/2022
Sigma Alpha Epsilon,60,0,2.929,,20,0.3,4453.5,57.14,,Interfraternity Council,S22,1/1/2022
Delta Phi,57,18,3.134,3.017,0,0,0,80.95,,Interfraternity Council,S22,1/1/2022
Phi Mu Delta,20,3,3.214,3.204,117,5.9,2968.17,90.48,,Interfraternity Council,S22,1/1/2022
Chi Psi,64,16,3.344,3.533,94,1.5,42822.84,95.24,,Interfraternity Council,S22,1/1/2022
Delta Chi,35,8,3.169,2.962,271,7.7,1786.05,90,,Interfraternity Council,S22,1/1/2022
Alpha Omega Epsilon,64,15,3.407,3.445,789.5,12.3,3728.91,85,,Panhellenic Council,S22,1/1/2022
Delta Gamma,97,33,3.377,3.449,202,2.1,23139.99,85.71,,Panhellenic Council,S22,1/1/2022
Gamma Phi Beta,141,49,3.399,3.389,1246.5,8.8,17830,77.38,,Panhellenic Council,S22,1/1/2022
Omega Phi Alpha,77,14,3.532,3.616,18,0.2,7926.58,88.1,,Panhellenic Council,S22,1/1/2022
Phi Mu,137,48,3.378,3.31,0,0,23579.38,88.1,,Panhellenic Council,S22,1/1/2022
Phi Sigma Rho,45,13,3.172,2.814,0,0,2695.32,85.71,,Panhellenic Council,S22,1/1/2022
Alpha Gamma Delta,129,39,3.469,3.465,194,1.5,11104.98,78.57,,Panhellenic Council,S22,1/1/2022
Sigma Delta Tau,137,49,3.398,3.335,1266,9.2,6336,86.9,,Panhellenic Council,S22,1/1/2022
Zeta Tau Alpha,163,39,3.321,3.064,0,0,16382.15,76.19,,Panhellenic Council,S22,1/1/2022
Alpha Epsilon Pi,81,20,3.3,3.322,0,0,476,,,Interfraternity Council,S22,1/1/2022
Alpha Kappa Lambda,15,4,2.7,2.618,0,0,0,54.76,,Interfraternity Council,S22,1/1/2022
Alpha Phi Delta,7,0,2.843,,0,0,0,80.95,,Interfraternity Council,S22,1/1/2022
Alpha Sigma Phi,38,6,3.11,2.968,0,0,769.16,55.26,,Interfraternity Council,S22,1/1/2022
Chi Phi,89,16,2.917,3.061,569,6.4,5825.5,88.1,,Interfraternity Council,S22,1/1/2022
Phi Sigma Sigma,147,40,3.386,3.373,708,4.8,55278.93,91.67,,Panhellenic Council,S22,1/1/2022
Nu Alpha Phi,7,1,2.921,,54,7.7,0,,,Multicultural Greek Council,F22,9/1/2022
Omega Phi Chi,5,1,2.804,,118,23.6,0,,,Multicultural Greek Council,F22,9/1/2022
Omega Psi Phi,0,2,1.403,1.403,,,,,,Multicultural Greek Council,F22,9/1/2022
Phi Beta Sigma,3,0,2.962,,7,2.3,0,,,Multicultural Greek Council,F22,9/1/2022
Sigma Lambda Gamma,6,0,3.563,,64,10.7,18.76,,,Multicultural Greek Council,F22,9/1/2022
Sigma Lambda Upsilon,2,0,3.187,,5,2.5,0,,,Multicultural Greek Council,F22,9/1/2022
Alpha Zeta,35,4,3.523,3.664,9,0.3,0,,,Professional Fraternity Council,F22,9/1/2022
Zeta Phi Beta,4,3,3.211,3.034,10,2.5,0,,,Multicultural Greek Council,F22,9/1/2022
Alpha Phi Omega,63,17,3.242,3.27,119,1.9,0,,,Professional Fraternity Council,F22,9/1/2022
Delta Sigma Pi,81,18,3.489,3.407,1,0,0,,,Professional Fraternity Council,F22,9/1/2022
Lambda Kappa Sigma,38,6,3.375,3.572,213,5.6,0,,,Professional Fraternity Council,F22,9/1/2022
Mu Beta Psi,22,2,3.553,3.857,351.5,16,0,,,Professional Fraternity Council,F22,9/1/2022
Phi Alpha Delta,37,9,3.496,3.578,90.5,2.4,4,,,Professional Fraternity Council,F22,9/1/2022
Sigma Psi Zeta,18,5,3.475,3.31,28,1.6,0,,,Multicultural Greek Council,F22,9/1/2022
Lambda Upsilon Lambda,9,0,2.542,,0,0,0,,,Multicultural Greek Council,F22,9/1/2022
alpha Kappa Delta Phi,21,5,3.254,2.607,163.6,7.8,744,,,Multicultural Greek Council,F22,9/1/2022
Lambda Theta Alpha,13,0,3.208,,22,1.7,0,,,Multicultural Greek Council,F22,9/1/2022
Phi Chi Theta,67,15,3.534,3.258,117,1.7,0,,,Professional Fraternity Council,F22,9/1/2022
Alpha Phi Alpha,10,0,2.954,,166,16.6,0,,,Multicultural Greek Council,F22,9/1/2022
Chi Upsilon Sigma,3,0,3.207,,93,31,0,,,Multicultural Greek Council,F22,9/1/2022
Delta Kappa Delta,11,3,3.51,,0,0,0,,,Multicultural Greek Council,F22,9/1/2022
Delta Phi Omega,18,0,3.22,,319,17.7,0,,,Multicultural Greek Council,F22,9/1/2022
Delta Sigma Iota,28,7,2.982,2.948,0,0,0,,,Multicultural Greek Council,F22,9/1/2022
Delta Sigma Theta,5,0,3.014,,109.5,21.9,0,,,Multicultural Greek Council,F22,9/1/2022
Iota Nu Delta,21,7,3.363,3.597,0,0,0,,,Multicultural Greek Council,F22,9/1/2022
Iota Phi Theta,4,0,2.561,,4,1,0,,,Multicultural Greek Council,F22,9/1/2022
Kappa Phi Gamma,11,6,3.207,3.118,122,11.1,0,,,Multicultural Greek Council,F22,9/1/2022
Kappa Phi Lambda,23,5,3.346,3.105,201,8.7,0,,,Multicultural Greek Council,F22,9/1/2022
Lambda Alpha Upsilon,0,5,2.983,2.983,,,,,,Multicultural Greek Council,F22,9/1/2022
Lambda Pi Chi,7,0,3.068,,0,0,0,,,Multicultural Greek Council,F22,9/1/2022
Lambda Sigma Upsilon,12,0,3.051,,29,2.4,0,,,Multicultural Greek Council,F22,9/1/2022
Lambda Tau Omega,3,1,2.704,,0,0,0,,,Multicultural Greek Council,F22,9/1/2022
Lambda Theta Phi,7,0,2.946,,169,24.1,0,,,Multicultural Greek Council,F22,9/1/2022
Phi Delta Chi,89,11,3.419,3.076,625,7,1225,,,Professional Fraternity Council,F22,9/1/2022
Chi Phi,86,16,2.989,2.505,152,1.8,,,,Interfraternity Council,F22,9/1/2022
Phi Sigma Pi,52,9,3.617,3.503,99,1.9,89,,,Professional Fraternity Council,F22,9/1/2022
Kappa Sigma,0,43,3.081,3.081,,,,,,Interfraternity Council,F22,9/1/2022
Phi Gamma Delta,14,2,3.479,3.45,31,2.2,0,,,Interfraternity Council,F22,9/1/2022
Phi Kappa Psi,28,10,3.157,3.088,337,12,319,,,Interfraternity Council,F22,9/1/2022
Phi Kappa Tau,40,10,3.081,2.894,40,1,0,,,Interfraternity Council,F22,9/1/2022
Phi Mu Delta,25,12,3.278,3.269,317,12.7,536,,,Interfraternity Council,F22,9/1/2022
Pi Kappa Phi,52,13,2.968,2.75,497,9.6,402,,,Interfraternity Council,F22,9/1/2022
Delta Upsilon,25,6,2.911,3.17,26,1,0,,,Interfraternity Council,F22,9/1/2022
Sigma Alpha Epsilon,58,11,3.044,2.804,0,0,0,,,Interfraternity Council,F22,9/1/2022
Sigma Chi,44,19,3.156,3.083,26,0.6,0,,,Interfraternity Council,F22,9/1/2022
Sigma Phi Epsilon,29,9,3.278,3.179,5,0.2,0,,,Interfraternity Council,F22,9/1/2022
Sigma Pi,16,2,3.286,3.65,26,1.6,0,,,Interfraternity Council,F22,9/1/2022
Zeta Beta Tau,39,8,3.344,2.958,29,0.7,0,,,Interfraternity Council,F22,9/1/2022
Zeta Psi,39,0,2.966,,0,0,0,,,Interfraternity Council,F22,9/1/2022
Phi Delta Epsilon,66,11,3.638,3.327,85,1.3,0,,,Professional Fraternity Council,F22,9/1/2022
Sigma Beta Rho,13,6,2.667,2.657,73,5.6,47,,,Interfraternity Council,F22,9/1/2022
Delta Phi,87,12,3.221,3.115,0,0,0,,,Interfraternity Council,F22,9/1/2022
Phi Sigma Kappa,22,5,3.2,2.842,327,14.9,280,,,Interfraternity Council,F22,9/1/2022
Chi Psi,73,10,3.223,2.826,1024.5,14,0,,,Interfraternity Council,F22,9/1/2022
Delta Chi,39,4,3.272,2.818,122.5,3.1,0,,,Interfraternity Council,F22,9/1/2022
Alpha Chi Omega,97,18,3.405,3.142,1049,10.8,5765.46,,,Panhellenic Council,F22,9/1/2022
Alpha Gamma Delta,100,16,3.407,3.258,800.5,8,1950,,,Panhellenic Council,F22,9/1/2022
Alpha Omega Epsilon,29,5,3.326,3.228,199.5,6.9,0,,,Panhellenic Council,F22,9/1/2022
Delta Gamma,74,8,3.431,3.67,644.5,8.7,192,,,Panhellenic Council,F22,9/1/2022
Omega Phi Alpha,63,21,3.546,3.584,89,1.4,0,,,Panhellenic Council,F22,9/1/2022
Phi Mu,104,0,3.378,,83,0.8,0,,,Panhellenic Council,F22,9/1/2022
Gamma Phi Beta,104,0,3.409,,462,4.4,2905,,,Panhellenic Council,F22,9/1/2022
Theta Tau,58,12,3.206,3.049,69,1.2,0,,,Professional Fraternity Council,F22,9/1/2022
Phi Sigma Sigma,100,11,3.447,3.259,553,5.5,1244.69,,,Panhellenic Council,F22,9/1/2022
Sigma Delta Tau,105,7,3.389,2.693,1539,14.7,0,,,Panhellenic Council,F22,9/1/2022
Zeta Tau Alpha,109,12,3.336,2.597,888,8.1,15503,,,Panhellenic Council,F22,9/1/2022
Alpha Kappa Lambda,12,1,2.968,,16,1.3,0,,,Interfraternity Council,F22,9/1/2022
Alpha Phi Delta,9,0,2.768,,0,0,0,,,Interfraternity Council,F22,9/1/2022
Alpha Sigma Phi,34,4,3.184,2.731,25,0.7,0,,,Interfraternity Council,F22,9/1/2022
Phi Sigma Rho,30,6,3.272,3.131,133,4.4,0,,,Panhellenic Council,F22,9/1/2022
Sigma Lambda Gamma,7,1,3.005,3.625,103,15,12.53,70.95,1,Multicultural Greek Council,S23,1/1/2023
Omega Phi Beta,0,5,2.975,2.975,0,0,0,,,Multicultural Greek Council,S23,1/1/2023
Omega Phi Chi,4,0,2.251,,91,23,745.11,78.38,2,Multicultural Greek Council,S23,1/1/2023
Omega Psi Phi,2,0,1.875,,0,0,20,,,Multicultural Greek Council,S23,1/1/2023
Phi Beta Sigma,5,1,2.761,2.571,0,0,15,83.78,2,Multicultural Greek Council,S23,1/1/2023
Sigma Lambda Upsilon,3,1,3.378,3,4.5,2,0,54.73,0,Multicultural Greek Council,S23,1/1/2023
Mu Beta Psi,19,2,3.531,2.981,266,14,1009.4,81.76,2,Professional Fraternity Council,S23,1/1/2023
Sigma Sigma Rho,0,5,3.122,3.122,0,0,0,,,Multicultural Greek Council,S23,1/1/2023
Zeta Phi Beta,7,0,3.468,,2,0.3,1500,81.76,2,Multicultural Greek Council,S23,1/1/2023
Alpha Phi Omega,69,15,3.342,3.437,5558,81,7586.13,70.27,1,Professional Fraternity Council,S23,1/1/2023
Alpha Zeta,58,22,3.479,3.411,292,5,4582.44,80.41,2,Professional Fraternity Council,S23,1/1/2023
Delta Sigma Pi,90,15,3.562,3.689,272,3,10763.82,54.05,0,Professional Fraternity Council,S23,1/1/2023
Lambda Kappa Sigma,50,5,3.366,3.647,355,7,4436.76,91.22,3,Professional Fraternity Council,S23,1/1/2023
Nu Alpha Phi,10,5,2.713,2.65,30,3,0,91.22,3,Multicultural Greek Council,S23,1/1/2023
Sigma Psi Zeta,18,4,3.511,3.395,143,8,910.33,75.68,2,Multicultural Greek Council,S23,1/1/2023
Lambda Upsilon Lambda,13,6,2.86,2.968,4,0.3,0,68.92,0,Multicultural Greek Council,S23,1/1/2023
Alpha Phi Alpha,12,2,2.868,2.859,36,3,0,90.54,3,Multicultural Greek Council,S23,1/1/2023
Lambda Theta Alpha,12,0,3.17,,362,30,1955,79.73,2,Multicultural Greek Council,S23,1/1/2023
Phi Alpha Delta,43,14,3.664,3.795,145.5,3,50,72.97,1,Professional Fraternity Council,S23,1/1/2023
Chi Upsilon Sigma,5,2,3.489,3.388,35,7,105,77.03,2,Multicultural Greek Council,S23,1/1/2023
Delta Kappa Delta,11,1,3.316,3.875,249,23,0,79.73,2,Multicultural Greek Council,S23,1/1/2023
Delta Phi Omega,22,4,3.115,3.234,0,0,600,77.7,2,Multicultural Greek Council,S23,1/1/2023
Delta Sigma Iota,40,13,2.769,2.618,0,0,50,52.7,0,Multicultural Greek Council,S23,1/1/2023
Delta Sigma Theta,16,11,3.2,3.232,89,6,475,97.3,4,Multicultural Greek Council,S23,1/1/2023
Iota Nu Delta,27,8,3.228,2.987,0,0,0,51.35,0,Multicultural Greek Council,S23,1/1/2023
Iota Phi Theta,8,5,2.111,2.03,35,4,0,62.84,0,Multicultural Greek Council,S23,1/1/2023
Kappa Alpha Psi,0,5,2.652,2.652,0,0,0,,,Multicultural Greek Council,S23,1/1/2023
Kappa Phi Gamma,18,4,2.959,3.206,117,7,6463,71.62,1,Multicultural Greek Council,S23,1/1/2023
Kappa Phi Lambda,26,6,3.189,2.994,140,5,883,95.27,4,Multicultural Greek Council,S23,1/1/2023
Lambda Alpha Upsilon,4,1,2.817,2.656,42,11,1357.96,,,Multicultural Greek Council,S23,1/1/2023
Lambda Pi Chi,12,6,2.825,2.57,0,0,0,76.35,2,Multicultural Greek Council,S23,1/1/2023
Lambda Sigma Upsilon,12,0,3.15,,50,4,8599.79,90.54,3,Multicultural Greek Council,S23,1/1/2023
Lambda Tau Omega,9,7,2.916,2.793,60,7,402.58,72.3,1,Multicultural Greek Council,S23,1/1/2023
Lambda Theta Phi,12,5,2.631,2.578,0,0,0,64.86,0,Multicultural Greek Council,S23,1/1/2023
Phi Chi Theta,76,18,3.51,3.549,300,4,4421.06,76.35,2,Professional Fraternity Council,S23,1/1/2023
Alpha Sigma Phi,42,12,3.222,3.357,199,5,857.5,68.92,0,Interfraternity Council,S23,1/1/2023
Phi Delta Epsilon,81,17,3.64,3.565,981,12,4008,70.27,1,Professional Fraternity Council,S23,1/1/2023
Delta Upsilon,23,4,3.008,3.098,123,5,3795,66.22,0,Interfraternity Council,S23,1/1/2023
Kappa Sigma,59,23,3.162,3.214,1788.5,30,1070,,,Interfraternity Council,S23,1/1/2023
Phi Gamma Delta,21,7,3.152,3.144,19,1,850,72.3,1,Interfraternity Council,S23,1/1/2023
Phi Kappa Psi,26,14,3.233,3.054,192,7,3126,72.3,1,Interfraternity Council,S23,1/1/2023
Phi Kappa Tau,33,2,3.105,3.516,2,0.1,1857.01,58.11,0,Interfraternity Council,S23,1/1/2023
Phi Mu Delta,33,12,3.416,3.605,251,8,3123,75.68,2,Interfraternity Council,S23,1/1/2023
Phi Sigma Kappa,23,4,3.235,3.025,303,13,3239,79.73,2,Interfraternity Council,S23,1/1/2023
Pi Kappa Phi,63,19,3.119,3.04,381.5,6,1050,81.08,2,Interfraternity Council,S23,1/1/2023
Sigma Alpha Epsilon,68,20,3.22,3.202,2,0,5376,91.67,3,Interfraternity Council,S23,1/1/2023
Sigma Beta Rho,14,1,2.909,,207.5,15,750,82.43,2,Interfraternity Council,S23,1/1/2023
Sigma Chi,61,18,3.33,3.419,361,6,2200,71.62,1,Interfraternity Council,S23,1/1/2023
Sigma Phi Epsilon,32,8,3.223,3.076,107.5,3,1150,62.84,0,Interfraternity Council,S23,1/1/2023
Sigma Pi,15,3,3.19,2.702,3,0.1,1000,52.03,0,Interfraternity Council,S23,1/1/2023
Zeta Beta Tau,49,11,3.389,3.483,2,0,1500,58.11,0,Interfraternity Council,S23,1/1/2023
Zeta Psi,65,30,3.318,3.491,138,2,1885,,,Interfraternity Council,S23,1/1/2023
Delta Phi,88,18,3.244,3.083,292,3,875,62.16,0,Interfraternity Council,S23,1/1/2023
Phi Delta Chi,102,15,3.458,3.352,524,5,7478.21,81.08,2,Professional Fraternity Council,S23,1/1/2023
Delta Chi,38,10,3.237,3.053,321,8,1739.3,79.05,2,Interfraternity Council,S23,1/1/2023
Chi Phi,95,19,3.012,3.079,704,7,9125,75.68,2,Interfraternity Council,S23,1/1/2023
Phi Sigma Pi,65,16,3.731,3.73,65,1,2938.6,91.89,3,Professional Fraternity Council,S23,1/1/2023
Theta Tau,66,14,3.302,2.987,330,7,11652.47,56.76,0,Professional Fraternity Council,S23,1/1/2023
Alpha Chi Omega,130,41,3.447,3.397,1707,13,19841.93,89.86,3,Panhellenic Council,S23,1/1/2023
Alpha Gamma Delta,114,33,3.436,3.313,797.5,8,7053,86.49,3,Panhellenic Council,S23,1/1/2023
Alpha Omega Epsilon,30,8,3.389,3.277,93,3,1665.5,83.78,2,Panhellenic Council,S23,1/1/2023
Delta Gamma,99,27,3.508,3.426,1006,10,22726,78.38,2,Panhellenic Council,S23,1/1/2023
Gamma Phi Beta,132,35,3.385,3.333,847.5,6,15089.72,78.38,2,Panhellenic Council,S23,1/1/2023
Omega Phi Alpha,72,17,3.611,3.572,110,2,4516.8,69.59,0,Panhellenic Council,S23,1/1/2023
Phi Mu,129,38,3.487,3.547,1615.5,13,36844.26,90.54,3,Panhellenic Council,S23,1/1/2023
Phi Sigma Rho,36,7,3.303,3.015,104,3,2240.34,81.76,2,Panhellenic Council,S23,1/1/2023
Phi Sigma Sigma,138,33,3.42,3.472,1301,9,49246,78.38,2,Panhellenic Council,S23,1/1/2023
Sigma Delta Tau,129,35,3.436,3.397,1126,9,16164.73,86.49,3,Panhellenic Council,S23,1/1/2023
Zeta Tau Alpha,135,36,3.415,3.453,843,6,19342.62,90.54,3,Panhellenic Council,S23,1/1/2023
Alpha Kappa Lambda,14,2,2.769,3.711,36,3,1652.25,46.62,0,Interfraternity Council,S23,1/1/2023
Alpha Phi Delta,17,10,2.735,2.996,0,0,0,35.81,0,Interfraternity Council,S23,1/1/2023
Chi Psi,85,19,3.419,3.456,462,5,37297.33,79.73,2,Interfraternity Council,S23,1/1/2023
alpha Kappa Delta Phi,22,4,3.151,3.508,153,7,0,87.16,3,Multicultural Greek Council,S23,1/1/2023
